Country Name,Country Code,Indicator Name,Indicator Code,1990,1991,1992,1993,1994,1995,1996,1997,1998,1999,2000,2001,2002,2003,2004,2005,2006,2007,2008,2009,2010,2011,2012,2013,2014
Aruba,ABW,CO2 emissions (metric tons per capita),EN.ATM.CO2E.PC,26.37450321,26.0461298,21.4425588,22.00078616,21.03624511,20.77193616,20.31835337,20.42681771,20.58766915,20.31156677,26.19487524,25.93402441,25.67116178,26.42045209,26.51729342,27.20070778,26.94826047,27.895574,26.23084664,25.91583295,24.67052887,24.5058352,13.15554169,8.351294252,8.408362638
Afghanistan,AFG,CO2 emissions (metric tons per capita),EN.ATM.CO2E.PC,0.213449805,0.187672724,0.099666474,0.089154036,0.08003917,0.072698618,0.066044698,0.059648382,0.05520717,0.042332597,0.03850634,0.039002334,0.048715548,0.0518296,0.039377828,0.052948215,0.063728472,0.085417506,0.154101422,0.241722682,0.293836994,0.412016938,0.350370581,0.315601773,0.299444991
Angola,AGO,CO2 emissions (metric tons per capita),EN.ATM.CO2E.PC,0.420284254,0.405450105,0.400678653,0.430889258,0.281092579,0.769173426,0.712306341,0.489209377,0.47137391,0.574083595,0.580352661,0.573047493,0.720768849,0.497975073,0.996165478,0.979740026,1.098883898,1.197843982,1.181526759,1.232494515,1.243405585,1.252789255,1.330843018,1.254617218,1.291328315
Albania,ALB,CO2 emissions (metric tons per capita),EN.ATM.CO2E.PC,1.678106654,1.3122126,0.774724911,0.723790292,0.600203708,0.654537133,0.636625313,0.49036506,0.560271437,0.960164412,0.978174681,1.053304176,1.229540709,1.412697196,1.376212735,1.412498211,1.302576367,1.322334855,1.484311139,1.495600199,1.578573584,1.803714725,1.692908325,1.749211079,1.978763312
Andorra,AND,CO2 emissions (metric tons per capita),EN.ATM.CO2E.PC,7.467335669,7.182456636,6.912053389,6.736054846,6.494200424,6.662051684,7.065071473,7.239712718,7.660783886,7.975454404,8.019284294,7.786950001,7.590615141,7.315760706,7.358624941,7.299871936,6.746218716,6.519465912,6.427886622,6.121652341,6.122594702,5.867129945,5.916596911,5.900752587,5.832169951
Arab World,ARB,CO2 emissions (metric tons per capita),EN.ATM.CO2E.PC,2.989008072,3.207224619,3.385246998,3.63837855,3.644858894,3.398199765,3.304793683,3.124848492,3.329548276,3.309553392,3.684441272,3.590302965,3.588035581,3.779889011,4.051465169,4.168486256,4.268239866,4.100226273,4.390401434,4.542151451,4.615758201,4.537755236,4.813630727,4.650474168,4.860233832
United Arab Emirates,ARE,CO2 emissions (metric tons per capita),EN.ATM.CO2E.PC,27.95924521,28.93913532,27.86136845,29.890451,31.40439759,28.8469908,15.97008152,15.42443139,28.7143215,26.22842771,35.67825923,30.49115342,24.15124891,28.55255307,27.70120802,25.36237265,23.63108943,22.43980121,22.82394719,21.90855608,19.44369027,19.07648878,19.81768422,18.95416379,23.30202251
Argentina,ARG,CO2 emissions (metric tons per capita),EN.ATM.CO2E.PC,3.426481983,3.52770381,3.605749117,3.457164549,3.542095019,3.656645582,3.811457285,3.851202695,3.857870916,4.010698763,3.835573665,3.568599866,3.291547735,3.52558427,4.06905838,4.141236814,4.434821452,4.382668884,4.682912395,4.410889894,4.558499612,4.600290699,4.569383676,4.462903755,4.746797455
Armenia,ARM,CO2 emissions (metric tons per capita),EN.ATM.CO2E.PC,,,1.692473009,0.759983503,0.824155363,1.05997746,0.809046419,1.032302975,1.081692124,0.975803629,1.128918604,1.161167684,1.003201493,1.136138307,1.214751524,1.460030477,1.481177962,1.726570171,1.911537642,1.509411878,1.465621895,1.710070765,1.976060074,1.899711734,1.90275891
American Samoa,ASM,CO2 emissions (metric tons per capita),EN.ATM.CO2E.PC,,,,,,,,,,,,,,,,,,,,,,,,,
Antigua and Barbuda,ATG,CO2 emissions (metric tons per capita),EN.ATM.CO2E.PC,4.23352225,3.977164337,3.858476917,3.87997941,3.732497664,3.735788316,3.878986619,3.962335507,3.995303753,4.033068153,4.123971095,4.09566526,4.293313704,4.620874526,4.778147909,4.806998084,4.913644367,5.136472571,5.194500314,5.446757355,5.539567509,5.363407474,5.418446532,5.360453467,5.377648546
Australia,AUS,CO2 emissions (metric tons per capita),EN.ATM.CO2E.PC,15.45288167,15.12796621,15.31776851,15.7014518,15.57658628,15.59651881,16.50180039,16.51427321,16.93569585,17.19029769,17.20060983,16.73336743,17.37045177,16.90195895,17.02651535,17.16971145,17.65139831,17.86526004,18.16087566,18.20018196,17.74084505,17.53887776,17.06614082,16.08347439,15.37013776
Austria,AUT,CO2 emissions (metric tons per capita),EN.ATM.CO2E.PC,7.513246156,7.944096184,7.226236428,7.223017309,7.189264701,7.521516107,7.938008299,7.863667996,7.981004261,7.741130615,7.774259739,8.192769898,8.299115796,8.889562334,8.858363703,9.020169598,8.727297872,8.406418936,8.295095978,7.518751102,8.071131802,7.748134305,7.387077163,7.368748145,6.86986793
Azerbaijan,AZE,CO2 emissions (metric tons per capita),EN.ATM.CO2E.PC,,,7.61863709,6.464585857,5.525358563,4.337414444,4.026472755,3.803022741,4.00297561,3.579835395,3.666271029,3.547105484,3.623944346,3.718169927,3.863229639,4.091801927,4.616299863,3.5553401,4.051383481,3.565668218,3.388225879,3.646179877,3.82487717,3.785068836,3.931560609
Burundi,BDI,CO2 emissions (metric tons per capita),EN.ATM.CO2E.PC,0.038597042,0.043008469,0.038217221,0.039393228,0.039969978,0.039978645,0.040062492,0.040797127,0.040307438,0.040297088,0.042395011,0.031323575,0.031548442,0.023205146,0.027569697,0.020747407,0.024365963,0.023555045,0.023219419,0.022462399,0.024260032,0.02676196,0.030296973,0.03017577,0.044485376
Belgium,BEL,CO2 emissions (metric tons per capita),EN.ATM.CO2E.PC,10.63967167,11.09099988,11.14648251,10.67503455,11.1051094,11.08115205,11.62383425,11.32885202,11.60191455,11.17302675,11.2296677,11.13371551,10.3854951,10.88211417,10.66129022,10.35539299,10.151039,9.744777191,9.751984809,9.249615685,10.17146522,9.046560547,8.546478214,8.671352487,8.328159898
Benin,BEN,CO2 emissions (metric tons per capita),EN.ATM.CO2E.PC,0.142157591,0.159512217,0.168501162,0.205206743,0.221397671,0.224780453,0.207591276,0.193809928,0.187593089,0.234411619,0.232860969,0.256497596,0.285000234,0.313037269,0.323642156,0.299985405,0.471267009,0.531738987,0.507237393,0.521063185,0.553283259,0.559693354,0.562347006,0.580960914,0.614213852
Burkina Faso,BFA,CO2 emissions (metric tons per capita),EN.ATM.CO2E.PC,0.066173051,0.069287423,0.067840845,0.0656434,0.065745043,0.062147134,0.068229866,0.075639822,0.078563833,0.08255275,0.089716851,0.083504269,0.081733493,0.085194017,0.084705971,0.083875344,0.098375847,0.115526282,0.130556622,0.127633338,0.125717252,0.137496219,0.158663009,0.179132409,0.162018806
Bangladesh,BGD,CO2 emissions (metric tons per capita),EN.ATM.CO2E.PC,0.146281294,0.146609266,0.159575353,0.153104602,0.163272688,0.192205167,0.198152233,0.202365814,0.190182468,0.19558517,0.211802225,0.242020016,0.246756218,0.25660216,0.266823041,0.275246594,0.299529173,0.301630726,0.332727819,0.357158767,0.393936699,0.412011186,0.433487963,0.442400828,0.459141965
Bulgaria,BGR,CO2 emissions (metric tons per capita),EN.ATM.CO2E.PC,8.54301079,6.666757565,6.347137362,8.00979638,6.414520789,6.900326395,6.763241038,6.209849583,5.934325293,5.356718076,5.328034342,5.800066474,5.695266947,6.084370085,6.064891808,6.256282044,6.445333272,6.925435282,6.772087541,5.731193724,5.964900206,6.71538056,6.119456526,5.450695963,5.871615869
Bahrain,BHR,CO2 emissions (metric tons per capita),EN.ATM.CO2E.PC,25.05885496,23.29978127,20.84164011,27.30693027,26.9092684,26.28769432,26.99547927,29.11139294,29.98959267,28.30850608,28.05091075,19.96600382,21.35410421,21.14840679,21.10015931,21.60193124,19.64708884,25.91595737,26.70821199,23.81170841,23.5854809,22.41333475,20.51485098,23.80435697,23.44975483
"Bahamas, The",BHS,CO2 emissions (metric tons per capita),EN.ATM.CO2E.PC,7.6104956,6.825173486,6.737820046,6.274733096,6.113992642,6.00804212,5.879294549,4.753542182,5.790133076,5.708374777,5.60101044,5.17748198,5.100353542,4.808098915,5.343724227,5.290297009,4.957323646,4.938208385,4.290906171,4.629528598,4.583343495,5.091832893,5.292937031,7.426540134,6.323257512
Bosnia and Herzegovina,BIH,CO2 emissions (metric tons per capita),EN.ATM.CO2E.PC,,,3.550952619,3.083043562,0.818125484,0.892014022,1.126180239,2.236886701,2.824691473,2.760650238,3.66047151,3.543235673,3.787614144,3.833651783,4.128334876,4.285163148,4.647460965,4.677514043,5.35493606,5.526103005,5.716134832,6.475389585,6.101280083,6.080813337,6.234719162
Belarus,BLR,CO2 emissions (metric tons per capita),EN.ATM.CO2E.PC,,,8.556931578,7.497670183,6.361224895,5.961662841,5.921699705,5.886700306,5.770180554,5.596280066,5.389745291,5.314049012,5.311929657,5.464145912,5.977157999,6.122471586,6.462446658,6.330314039,6.623163555,6.439684267,6.64269666,6.762517349,6.67999159,6.736652251,6.701957705
Belize,BLZ,CO2 emissions (metric tons per capita),EN.ATM.CO2E.PC,1.66191243,1.880257003,1.830508911,1.911287548,1.854646608,1.824968714,1.441565735,1.754022906,1.608305397,1.457435593,1.601342418,1.754517931,1.650252092,1.607795489,1.421168536,1.48866657,1.526093133,1.597516144,1.425287018,1.868957631,1.676105694,1.82686092,1.415825911,1.491598897,1.407601494
Bermuda,BMU,CO2 emissions (metric tons per capita),EN.ATM.CO2E.PC,8.468108418,9.133172938,7.885348579,9.150381939,8.963503034,8.899591604,8.781918874,8.667884358,8.54427908,8.37692747,8.36199117,8.448227313,8.85974059,8.859865772,9.147364292,9.088334321,10.11617563,11.24603933,9.943759288,7.262934975,9.347122413,6.872359209,7.356862866,7.051814587,8.838314988
Bolivia,BOL,CO2 emissions (metric tons per capita),EN.ATM.CO2E.PC,0.839700279,0.858995776,0.933241509,1.076331229,1.164031109,1.301696086,1.27342178,1.390233717,1.369256318,1.276302527,1.327056787,1.014681791,1.201378773,1.259040432,1.239406557,1.335330942,1.621906742,1.30616895,1.37896562,1.433545061,1.532870644,1.602029322,1.835469055,1.818997383,1.932419499
Brazil,BRA,CO2 emissions (metric tons per capita),EN.ATM.CO2E.PC,1.398620609,1.443186893,1.427921974,1.468431889,1.516257008,1.591823026,1.726864217,1.793828678,1.835152374,1.853290732,1.871118313,1.898353874,1.844379611,1.762482362,1.828671981,1.858087992,1.839393859,1.901371917,2.008670258,1.883811784,2.132937571,2.211587235,2.343570115,2.488417184,2.594388285
Barbados,BRB,CO2 emissions (metric tons per capita),EN.ATM.CO2E.PC,4.126491124,4.617521768,3.734358313,4.237227706,2.833429919,3.127812228,3.198983237,3.379280376,4.256155999,4.499854977,4.402894974,4.511188282,4.525025969,4.660219351,4.739998755,4.938242904,4.986412836,4.93979359,5.844583314,5.807257514,5.285997375,5.449513722,5.222107001,5.127146392,4.490177673
Brunei Darussalam,BRN,CO2 emissions (metric tons per capita),EN.ATM.CO2E.PC,23.93323802,19.94117338,19.03349722,17.63537663,16.21193334,16.1145051,15.98225134,16.21744787,16.50725514,11.98024451,14.14020184,13.25056672,12.62269977,12.99158717,13.90208971,13.70764162,13.13286158,22.45018193,24.04688439,20.48624704,21.10594553,24.60717794,24.18076388,19.23359197,22.12470124
Bhutan,BTN,CO2 emissions (metric tons per capita),EN.ATM.CO2E.PC,0.238879169,0.348078484,0.407042002,0.350495205,0.411780764,0.484302076,0.579057237,0.742063417,0.703429831,0.690592474,0.690660881,0.653044437,0.689377786,0.605839592,0.481081773,0.603125919,0.583684405,0.571168834,0.601619231,0.544051575,0.67026322,0.990398509,1.086025018,1.203220818,1.289321371
Botswana,BWA,CO2 emissions (metric tons per capita),EN.ATM.CO2E.PC,1.9613582,1.86102584,1.909275308,2.139318241,1.978706426,1.94206147,1.719127713,1.710752396,2.003027027,1.859535656,2.187461379,2.194012884,2.235280932,2.121745415,2.130846266,2.207093561,2.195251343,2.210450822,2.315483179,1.900285977,2.325924404,2.036091061,2.025409285,2.456718254,3.243287637
Central African Republic,CAF,CO2 emissions (metric tons per capita),EN.ATM.CO2E.PC,0.067358102,0.068118611,0.069885817,0.070314804,0.071821206,0.069998303,0.068306236,0.069851412,0.069315906,0.071813797,0.07128948,0.064111687,0.062874461,0.058942176,0.057875688,0.056853953,0.059345636,0.059175593,0.058227969,0.057449997,0.059350908,0.0622615,0.06533025,0.06601109,0.066593111
Canada,CAN,CO2 emissions (metric tons per capita),EN.ATM.CO2E.PC,15.65907038,15.14925974,15.46230657,15.45362956,15.6928759,15.93097506,16.15737155,16.51685906,16.7460786,16.89846016,17.36711469,16.98502952,16.55937785,17.46119914,17.25891114,17.25108328,16.69669436,16.85588274,16.87519788,15.96156016,15.723167,15.63975962,14.89063564,14.71197182,15.11715878
Central Europe and the Baltics,CEB,CO2 emissions (metric tons per capita),EN.ATM.CO2E.PC,9.014362065,8.253095474,7.903413521,7.837642108,7.357426629,7.543603337,7.681572172,7.489405371,7.072477883,6.693928776,6.606420234,6.822125501,6.75654044,6.997372921,6.923880599,6.97931376,7.243359955,7.271122792,7.148695308,6.50781501,6.8200423,6.864349465,6.504366995,6.344838262,6.14888254
Switzerland,CHE,CO2 emissions (metric tons per capita),EN.ATM.CO2E.PC,6.345085168,6.280297083,6.224236273,5.873423831,5.90858368,5.571316975,5.640102519,5.849483122,5.865651918,5.696073665,5.435484985,5.93984844,5.586512817,5.474267138,5.46256894,5.558350382,5.592175318,5.03057402,5.283044324,5.377973641,4.983428945,4.672038363,4.723574287,4.972835876,4.311562994
Channel Islands,CHI,CO2 emissions (metric tons per capita),EN.ATM.CO2E.PC,,,,,,,,,,,,,,,,,,,,,,,,,
Chile,CHL,CO2 emissions (metric tons per capita),EN.ATM.CO2E.PC,2.515810521,2.327632166,2.37545707,2.494295837,2.704048338,2.919931315,3.345311359,3.837728903,3.871743532,4.079267746,3.853499375,3.453563552,3.530720028,3.519261571,3.742118302,3.828453643,3.971510482,4.343916544,4.312294329,3.969555616,4.251715171,4.619729537,4.677982797,4.76586599,4.687376624
China,CHN,CO2 emissions (metric tons per capita),EN.ATM.CO2E.PC,2.151570906,2.229439639,2.309463675,2.442800659,2.565993892,2.755754966,2.844309582,2.820567891,2.67674598,2.648649247,2.696862433,2.742120813,3.007083197,3.524074093,4.037990651,4.523178064,4.980314197,5.334909929,5.701915025,6.010102433,6.560520007,7.241515419,7.424750916,7.557211045,7.543907641
Cote d'Ivoire,CIV,CO2 emissions (metric tons per capita),EN.ATM.CO2E.PC,0.410408539,0.358909924,0.311456361,0.392468001,0.332757416,0.455196818,0.522835333,0.490010026,0.435158322,0.384467081,0.406991231,0.453421366,0.419561908,0.308844016,0.425832957,0.426769671,0.374162963,0.355057998,0.347554665,0.283812055,0.341512032,0.346951476,0.434007998,0.486455715,0.490206046
Cameroon,CMR,CO2 emissions (metric tons per capita),EN.ATM.CO2E.PC,0.148054522,0.091517436,0.305264893,0.305514332,0.291185813,0.314096492,0.323094881,0.227028801,0.220925365,0.206842771,0.224712545,0.218308253,0.212475488,0.229828383,0.23330822,0.212179525,0.215723212,0.317155402,0.293251264,0.346083304,0.33951502,0.281094803,0.290648216,0.312755732,0.314928068
"Congo, Dem. Rep.",COD,CO2 emissions (metric tons per capita),EN.ATM.CO2E.PC,0.117591197,0.082498968,0.075409546,0.066760984,0.040700233,0.051043515,0.054185516,0.043337889,0.037209307,0.030119807,0.017292618,0.017276319,0.018616172,0.019194831,0.022610101,0.027392924,0.028470592,0.030067893,0.030794399,0.028027156,0.031314551,0.037377088,0.034820686,0.050339213,0.063369191
"Congo, Rep.",COG,CO2 emissions (metric tons per capita),EN.ATM.CO2E.PC,0.486838326,0.400657636,0.49661064,0.498439309,0.789298207,0.559366331,0.596048516,0.790965984,0.255015905,0.261899843,0.325124228,0.231136261,0.168972288,0.261740193,0.263422291,0.264306556,0.291079843,0.305257019,0.318099788,0.410345599,0.451406105,0.50055554,0.641061363,0.649833428,0.635369293
Colombia,COL,CO2 emissions (metric tons per capita),EN.ATM.CO2E.PC,1.673025787,1.635914936,1.744983321,1.768803864,1.835016799,1.59218139,1.590776145,1.679619011,1.681616958,1.419215476,1.433620241,1.372902655,1.338899634,1.362244907,1.288989699,1.407985384,1.435824144,1.40690202,1.516403445,1.599905659,1.658923082,1.64912349,1.705398582,1.893103161,1.759537174
Comoros,COM,CO2 emissions (metric tons per capita),EN.ATM.CO2E.PC,0.151457504,0.155721539,0.151234511,0.155079083,0.150716994,0.154272035,0.157598741,0.160720227,0.170761664,0.173348486,0.189314418,0.184706272,0.180298132,0.226353755,0.239461311,0.227828399,0.257569541,0.160026184,0.161805094,0.196081111,0.233942107,0.192025124,0.197567789,0.237378287,0.202814119
Cabo Verde,CPV,CO2 emissions (metric tons per capita),EN.ATM.CO2E.PC,0.278873182,0.282936211,0.296145813,0.298118771,0.299815907,0.310980734,0.358632606,0.359355669,0.377839228,0.430111311,0.497272909,0.528914892,0.60831973,0.669412166,0.705698963,0.927245257,0.983876704,1.040309351,0.954553682,1.055171109,1.109478009,1.212548739,0.984565517,0.958866077,0.933403237
Costa Rica,CRI,CO2 emissions (metric tons per capita),EN.ATM.CO2E.PC,0.954653351,1.05079938,1.163996186,1.183185055,1.538224124,1.385990192,1.320299928,1.354192887,1.411368081,1.434892041,1.394703986,1.441368065,1.556794835,1.605990202,1.655258443,1.616889851,1.647633189,1.858899789,1.835359367,1.760677795,1.665175303,1.682660743,1.668780062,1.614402173,1.630951062
Caribbean small states,CSS,CO2 emissions (metric tons per capita),EN.ATM.CO2E.PC,5.246910878,5.28404795,5.542774357,5.363284509,5.266637771,5.354095385,5.964375269,5.635280912,5.744898531,6.294031469,6.506692171,6.924531595,7.040816801,7.567341291,7.776927815,8.392102287,9.147516071,9.293786903,9.188087709,8.915001641,9.27710945,9.143734221,8.886377531,9.138025489,8.884541385
Cuba,CUB,CO2 emissions (metric tons per capita),EN.ATM.CO2E.PC,3.150989961,2.786120615,2.915598587,2.721848856,2.971968608,2.357347848,2.462952691,2.238025426,2.21429973,2.280074427,2.339161379,2.275291775,2.325789771,2.266421577,2.21934889,2.304659777,2.426221024,2.370445059,2.691785692,2.641408453,3.386127443,3.169444662,3.176608348,3.049362141,3.045210624
Curacao,CUW,CO2 emissions (metric tons per capita),EN.ATM.CO2E.PC,,,,,,,,,,,,,,,,,,,,,,,39.44566304,33.89940321,37.72628905
Cayman Islands,CYM,CO2 emissions (metric tons per capita),EN.ATM.CO2E.PC,9.970251899,10.35203906,11.37406948,11.52098024,12.07895525,11.46226951,11.48124404,11.43458718,11.36828299,10.777708,11.17156428,10.83608828,10.90149314,10.75530112,9.768536333,9.728990992,9.674881573,11.11147369,11.01638136,10.2688701,10.04168844,10.36992524,9.307268397,9.172054616,9.171838032
Cyprus,CYP,CO2 emissions (metric tons per capita),EN.ATM.CO2E.PC,5.706562886,5.988914981,6.471912007,6.655456909,6.741662386,6.293262441,6.797248298,6.575312615,7.049874327,6.886143297,7.347326262,7.129456764,7.187870407,7.798570398,7.258439643,7.300757645,7.449680491,7.704853381,7.930294398,7.386924038,6.927903563,6.60156823,6.096256416,5.199663256,5.260352041
Czech Republic,CZE,CO2 emissions (metric tons per capita),EN.ATM.CO2E.PC,,,13.3903072,12.83965002,12.16751705,11.99069327,12.15467452,12.36529136,11.90396015,10.88847106,12.07688904,12.10978725,11.7437029,11.97368903,11.4518445,11.76245004,11.92582928,11.97251522,11.23377283,10.30832179,10.65257862,10.18548225,9.611985879,9.384891603,9.165978376
Germany,DEU,CO2 emissions (metric tons per capita),EN.ATM.CO2E.PC,,11.62264617,11.06332025,10.81424893,10.62839192,10.57946663,10.8602336,10.5111126,10.42527316,10.01775877,10.09563988,10.3662867,10.0586725,9.969354525,9.898682369,9.666372234,9.911476012,9.488039888,9.506321178,8.818595562,9.279634012,9.12485921,9.199299757,9.39062342,8.889370395
Djibouti,DJI,CO2 emissions (metric tons per capita),EN.ATM.CO2E.PC,0.546573667,0.513632828,0.506776641,0.503957186,0.489038604,0.482815345,0.484237558,0.493776411,0.463350631,0.450453436,0.475248891,0.500470172,0.535636226,0.555888033,0.528103722,0.529037834,0.515825011,0.57084366,0.606017007,0.552127049,0.607471574,0.546278771,0.586763279,0.678855968,0.791961752
Dominica,DMA,CO2 emissions (metric tons per capita),EN.ATM.CO2E.PC,0.827228379,0.828209254,0.826715514,0.8754248,0.924803497,1.130394575,1.030852484,1.140220203,1.095561246,1.154084946,1.473620759,1.579015358,1.47049725,1.674118671,1.615211924,1.661460914,1.605448614,2.170739958,1.857388074,1.853346249,1.950531915,1.789578627,1.883279662,1.823370166,1.864285911
Denmark,DNK,CO2 emissions (metric tons per capita),EN.ATM.CO2E.PC,9.770698699,11.69331148,10.5045545,10.99825503,11.7169489,10.92454083,13.71465193,11.64768852,11.22730415,10.36266364,9.613175554,9.875092348,9.68193193,10.38827349,9.362701019,8.690076931,10.11291416,9.20201511,8.543351098,8.058895601,8.40721667,7.296383208,6.514800847,6.862565032,5.935712482
Dominican Republic,DOM,CO2 emissions (metric tons per capita),EN.ATM.CO2E.PC,1.284840277,1.371066238,1.46266565,1.545528489,1.609061051,2.012746149,2.157968757,2.205103784,2.217515361,2.202171949,2.311301258,2.278507636,2.415109906,2.399070559,2.011351755,2.017778384,2.111060875,2.227743225,2.149242258,2.070810108,2.123958664,2.117090045,2.178544552,2.085432517,2.069986634
Algeria,DZA,CO2 emissions (metric tons per capita),EN.ATM.CO2E.PC,2.970409071,2.976897628,2.948322021,2.958673674,3.046884957,3.296891314,3.301388016,2.922376836,3.527173598,2.991826199,2.817543547,2.665851517,2.810044593,2.826112964,2.69593129,3.22268315,2.992187469,3.189641475,3.161381458,3.423011434,3.299703688,3.291376176,3.46026581,3.507310029,3.717409901
East Asia & Pacific (excluding high income),EAP,CO2 emissions (metric tons per capita),EN.ATM.CO2E.PC,1.785121568,1.869500576,1.947347484,2.065254013,2.162619579,2.327217871,2.417185586,2.421331343,2.257171789,2.251890412,2.311330946,2.368862027,2.561298583,2.942778456,3.322252677,3.661560575,3.965616652,4.221086764,4.502656666,4.726377843,5.106044509,5.641636355,5.773224485,5.790459749,5.775478345
Early-demographic dividend,EAR,CO2 emissions (metric tons per capita),EN.ATM.CO2E.PC,1.403256019,1.482158444,1.496529223,1.538628344,1.561418692,1.554205052,1.60394211,1.616229678,1.628346336,1.678960784,1.712111905,1.703397113,1.70594111,1.765356538,1.82510642,1.858684133,1.930220138,1.97591264,2.079574725,2.128522377,2.119826541,2.201370084,2.295942682,2.210865063,2.295302152
East Asia & Pacific,EAS,CO2 emissions (metric tons per capita),EN.ATM.CO2E.PC,2.582395587,2.65922431,2.754950369,2.874340171,3.000948728,3.152599881,3.264263937,3.283384708,3.079585439,3.112951498,3.198353898,3.234830716,3.424462539,3.762864184,4.119962702,4.398084212,4.67111039,4.918764805,5.155115078,5.305296112,5.701783623,6.190024193,6.307091841,6.330448653,6.293526114
Europe & Central Asia (excluding high income),ECA,CO2 emissions (metric tons per capita),EN.ATM.CO2E.PC,,,9.67465803,8.857382108,7.74510445,7.500491285,7.324759431,6.847887159,6.739063232,6.76544604,6.859211287,6.86405836,6.911233557,7.213577761,7.290098345,7.33101909,7.602230512,7.698072143,7.818031976,7.082828235,7.553130397,7.881542835,7.99726455,7.732164517,7.421190265
Europe & Central Asia,ECS,CO2 emissions (metric tons per capita),EN.ATM.CO2E.PC,,,8.99702232,8.531442331,7.975212712,7.912395814,7.955173595,7.646223771,7.617161324,7.55358007,7.604236011,7.68972234,7.66123339,7.862515953,7.889590063,7.868362661,7.999938639,7.936460424,7.890886657,7.216632352,7.540718572,7.498987473,7.472226024,7.288579596,6.915991233
Ecuador,ECU,CO2 emissions (metric tons per capita),EN.ATM.CO2E.PC,1.646869557,1.577081423,2.081205403,2.210338829,1.219333417,1.996554109,2.070547565,1.539679646,1.84648038,1.733727698,1.640605971,1.798584661,1.908671472,2.029189439,2.150041892,2.203366408,2.066177292,2.244788111,2.344230258,2.455104271,2.441361756,2.543911176,2.473495016,2.617689044,2.761702175
"Egypt, Arab Rep.",EGY,CO2 emissions (metric tons per capita),EN.ATM.CO2E.PC,1.322777217,1.339789275,1.353604755,1.520286484,1.365097016,1.502382335,1.571310296,1.635681662,1.814286717,1.827177043,2.021660576,1.761296175,1.752215942,1.999994134,2.001962275,2.177805381,2.28491226,2.377408257,2.453080477,2.50693511,2.41019138,2.528167325,2.471928185,2.376329652,2.198980246
Euro area,EMU,CO2 emissions (metric tons per capita),EN.ATM.CO2E.PC,,8.469097495,8.212562535,8.009369182,7.94637961,8.09617367,8.283789775,8.159639555,8.290429954,8.17677622,8.207013725,8.378061505,8.335929408,8.412746122,8.444274973,8.351671649,8.317244789,8.131036132,7.905203821,7.284917549,7.425634257,7.161267591,6.996653435,6.84398703,6.474920548
Eritrea,ERI,CO2 emissions (metric tons per capita),EN.ATM.CO2E.PC,,,,,0.280482252,0.302600934,0.324765377,0.273747608,0.183109853,0.187666155,0.179415769,0.180355057,0.16739016,0.194225396,0.199571194,0.193096913,0.137963994,0.139499082,0.09789904,0.119104459,0.11692068,0.132758694,,,
Spain,ESP,CO2 emissions (metric tons per capita),EN.ATM.CO2E.PC,5.624190007,5.790484006,5.973836221,5.570288803,5.901638793,6.082242269,5.848744212,6.292802734,6.5022035,6.991264687,7.257824346,7.290748328,7.591280782,7.611166445,7.908050681,8.097058048,7.88419571,7.920890716,7.165531607,6.216973378,5.816416366,5.788018458,5.660938803,5.084398353,5.033824487
Estonia,EST,CO2 emissions (metric tons per capita),EN.ATM.CO2E.PC,,,15.57605126,13.05673945,13.02054613,12.19581745,12.96252174,12.93833023,11.76694109,10.90411323,10.63625164,11.21670899,10.79350419,12.49335386,12.68399031,12.36701519,12.00996206,13.95488409,13.08183443,10.91432018,13.59968907,14.01673297,13.32400037,15.09371797,14.84881917
Ethiopia,ETH,CO2 emissions (metric tons per capita),EN.ATM.CO2E.PC,0.06276065,0.05991315,0.057439133,0.056580884,0.040420199,0.044725848,0.048351836,0.050034792,0.051272705,0.048844127,0.053348338,0.063550673,0.064136044,0.068745056,0.070957323,0.06671871,0.069804932,0.074245057,0.079084048,0.077619139,0.07509386,0.085803968,0.092622864,0.112072453,0.119124015
European Union,EUU,CO2 emissions (metric tons per capita),EN.ATM.CO2E.PC,8.578956365,8.586203596,8.313844472,8.170089621,8.039079607,8.152155974,8.362705908,8.156139925,8.156760822,7.991338607,8.013425982,8.172648668,8.103745058,8.222474447,8.208098253,8.142762936,8.176670834,8.008156168,7.80238627,7.155647741,7.354520586,7.079327763,6.917510608,6.753513189,6.379148848
Fragile and conflict affected situations,FCS,CO2 emissions (metric tons per capita),EN.ATM.CO2E.PC,0.741506442,0.747728089,0.766543577,0.773945488,0.815848662,0.803825402,0.773121842,0.765867719,0.784567155,0.781231505,0.765812137,0.789740321,0.75023733,0.800614954,0.859576224,0.846048033,0.799199812,0.719929743,0.801348446,0.820861629,0.842662477,0.825987786,0.841904675,0.880020574,0.886959024
Finland,FIN,CO2 emissions (metric tons per capita),EN.ATM.CO2E.PC,10.37716896,10.71047721,9.415521088,9.948375064,11.24602792,10.32014335,11.95863616,11.66057821,11.05828449,10.7295164,10.12847414,10.9967421,11.86067583,13.26109694,12.83267498,10.41643805,12.57063845,12.09848186,10.63715919,9.955194272,11.57528165,10.54447474,9.075433356,8.681780123,8.660721243
Fiji,FJI,CO2 emissions (metric tons per capita),EN.ATM.CO2E.PC,1.117269718,0.912420986,1.004750642,0.99564121,0.977014812,0.983543478,1.047078559,0.99900613,0.96220863,0.973023978,1.039677129,1.297067861,1.092424705,1.284259173,1.653469037,1.334157118,1.471389672,1.38806342,1.060957621,0.929697981,1.419979069,1.25604496,1.213104227,1.30887617,1.320574708
France,FRA,CO2 emissions (metric tons per capita),EN.ATM.CO2E.PC,6.420670907,6.67168905,6.217259025,6.089252757,5.699231509,5.864118291,6.280953607,5.862811599,6.271267469,6.098157837,5.946665463,6.153060599,6.068664472,6.115998108,6.120078568,6.099598855,5.906266386,5.76638517,5.690501415,5.438356727,5.428980862,5.077911491,5.075063887,5.062174035,4.573182147
Faroe Islands,FRO,CO2 emissions (metric tons per capita),EN.ATM.CO2E.PC,14.94722024,14.06313083,13.78015329,12.50113636,12.44797838,12.4251086,13.05718876,12.76484833,13.38321168,13.43767177,14.58792162,16.04881539,15.1995227,15.28744737,15.53845834,14.96114735,14.02135047,14.229607,13.00864185,11.86633551,12.99122554,11.6932398,12.13140591,13.91665128,12.23784857
"Micronesia, Fed. Sts.",FSM,CO2 emissions (metric tons per capita),EN.ATM.CO2E.PC,,,0.976294952,0.952614159,0.968120916,0.988722154,0.981531049,1.013898361,1.084129419,1.020349484,1.160529451,1.574040032,1.336782479,1.338872454,1.341874889,1.139506196,1.145026683,1.326119644,1.123145543,1.552020008,1.097098904,1.169550006,1.310870216,1.379076585,1.445435754
Gabon,GAB,CO2 emissions (metric tons per capita),EN.ATM.CO2E.PC,4.725217704,4.637060261,4.909159769,4.838359328,4.146172106,4.257369927,4.28587048,4.198840259,4.251779335,4.003618502,3.812587217,3.8027877,3.532692526,3.495415414,3.435279888,3.483729188,2.888232916,2.765283613,2.716100054,2.678457404,2.933224404,2.929968222,2.905518332,2.90571962,2.768265721
United Kingdom,GBR,CO2 emissions (metric tons per capita),EN.ATM.CO2E.PC,9.710881678,9.870809033,9.660929998,9.454695828,9.448399895,9.274846236,9.480231059,9.042720853,9.094403914,9.047636069,9.199549233,9.233174987,8.904123108,9.053277839,8.989140127,8.982938536,8.89871022,8.617163681,8.424423983,7.574622131,7.857836486,7.079297626,7.355898277,7.145844359,6.49744049
Georgia,GEO,CO2 emissions (metric tons per capita),EN.ATM.CO2E.PC,,,3.146690058,2.026478386,1.25134791,0.486454584,0.880982431,0.979139818,1.105665099,0.975944975,1.026657085,0.859400875,0.777669956,0.877317601,1.018467138,1.209497375,1.486837282,1.572983097,1.282085112,1.568937657,1.608398879,2.05730529,2.20691085,2.081139036,2.411541991
Ghana,GHA,CO2 emissions (metric tons per capita),EN.ATM.CO2E.PC,0.260957011,0.261623547,0.257527134,0.286044063,0.303371967,0.314836872,0.32646561,0.36151854,0.354979299,0.354443096,0.332065264,0.356285127,0.372506201,0.373214083,0.350161075,0.324620095,0.423190166,0.432928115,0.392218773,0.322460195,0.406162808,0.391342522,0.4615626,0.554930149,0.536533378
Gibraltar,GIB,CO2 emissions (metric tons per capita),EN.ATM.CO2E.PC,4.9037512,6.778652609,7.988290956,8.046281606,9.445024252,9.122798288,9.293627806,9.588808263,10.0005844,10.29424672,10.7022771,10.98674061,11.04378012,11.21371375,12.07157637,12.45762818,12.94395591,12.74595509,12.99560064,14.01996602,14.03202868,13.50220027,13.74184338,14.52448937,15.51348493
Guinea,GIN,CO2 emissions (metric tons per capita),EN.ATM.CO2E.PC,0.166320537,0.161077346,0.156796627,0.152040084,0.165747451,0.163988773,0.167736278,0.170200413,0.176810242,0.182634526,0.186502517,0.191706204,0.197449478,0.202062483,0.204790633,0.188658482,0.191487708,0.19503142,0.212067121,0.214326136,0.2412015,0.251884294,0.22883261,0.199296674,0.207492621
"Gambia, The",GMB,CO2 emissions (metric tons per capita),EN.ATM.CO2E.PC,0.191987854,0.189240995,0.183402775,0.185466868,0.180374006,0.185719123,0.180556721,0.175521575,0.183200912,0.19325509,0.199448144,0.199153086,0.220912206,0.213922821,0.209756659,0.203129198,0.20658864,0.228723501,0.230836248,0.232603869,0.255713888,0.25617469,0.252317681,0.232722215,0.267684889
Guinea-Bissau,GNB,CO2 emissions (metric tons per capita),EN.ATM.CO2E.PC,0.170258229,0.16971041,0.169065676,0.168432134,0.164654916,0.161240395,0.158188532,0.170959044,0.143634341,0.159200488,0.117983091,0.11861584,0.119065529,0.147101654,0.149358127,0.154026758,0.153151941,0.159770201,0.153530325,0.154659665,0.153196262,0.153925624,0.154457589,0.152655821,0.157241167
Equatorial Guinea,GNQ,CO2 emissions (metric tons per capita),EN.ATM.CO2E.PC,0.154636567,0.324569247,0.346438961,0.210384395,0.067748491,0.254213453,0.216941254,0.531902041,0.291199687,0.789420244,0.740177399,4.837655253,7.472589574,8.663189901,7.199253053,6.222090617,6.003530598,5.78352809,5.18537847,5.08234968,4.919642857,6.162746281,4.925379817,4.764156915,4.733816529
Greece,GRC,CO2 emissions (metric tons per capita),EN.ATM.CO2E.PC,7.284521642,7.176639815,7.260257729,7.238006236,7.410792356,7.458879643,7.563654136,7.852506913,8.185367878,8.050452819,8.47843382,8.636014274,8.591970187,8.760745127,8.867967195,8.980839448,8.827796219,8.892293442,8.662824281,8.277892345,7.540183868,7.189762915,7.247007359,6.33661459,6.180337268
Grenada,GRD,CO2 emissions (metric tons per capita),EN.ATM.CO2E.PC,1.104483658,1.140543679,1.207267639,1.230975027,1.438690207,1.499645903,1.527977301,1.668103875,1.737417209,1.915882968,1.876460111,1.908226885,2.011283056,2.113338217,2.000389651,2.101555139,2.237296507,2.301034889,2.434552102,2.426008668,2.487241705,2.408022841,2.572577052,2.873797317,2.275498308
Greenland,GRL,CO2 emissions (metric tons per capita),EN.ATM.CO2E.PC,9.958938849,9.844738739,8.686745027,9.034637681,9.051873874,9.003207885,9.249499106,9.298464286,9.412620321,9.608716578,9.461120996,9.566086957,9.522319772,9.366951467,10.24499657,10.69152542,11.04479163,11.28207939,11.71815083,10.2217389,11.66377295,12.44034101,10.00501672,9.803250536,8.989181988
Guatemala,GTM,CO2 emissions (metric tons per capita),EN.ATM.CO2E.PC,0.549031916,0.532846371,0.619819718,0.569308416,0.67231177,0.688410969,0.62479024,0.697858139,0.786197352,0.784138563,0.851067438,0.891154224,0.90887707,0.866258954,0.908087138,0.959869359,0.944052806,0.921548718,0.816060283,0.827854974,0.797292859,0.791834915,0.784016181,0.87418049,1.150977994
Guam,GUM,CO2 emissions (metric tons per capita),EN.ATM.CO2E.PC,,,,,,,,,,,,,,,,,,,,,,,,,
Guyana,GUY,CO2 emissions (metric tons per capita),EN.ATM.CO2E.PC,1.524403714,1.497762294,1.396935576,1.387016844,1.827837572,1.921910281,1.992670579,2.092645725,2.186792831,2.223665988,2.137011633,2.12046186,2.102022386,2.082588843,2.16609282,1.914204217,1.721961417,2.088790951,2.088229619,2.099803807,2.303675813,2.379070885,2.648880414,2.554048974,2.632347952
High income,HIC,CO2 emissions (metric tons per capita),EN.ATM.CO2E.PC,11.14567583,11.19816785,11.25503456,11.32146054,11.38888331,11.37184888,11.6065987,11.61536314,11.5418612,11.6360541,11.9348937,11.81309501,11.79888063,11.9022751,12.037656,11.97119362,11.91169817,11.88297064,11.65239601,10.96010248,11.26903541,11.02889626,10.85609938,10.77242755,10.71038322
"Hong Kong SAR, China",HKG,CO2 emissions (metric tons per capita),EN.ATM.CO2E.PC,4.791623806,4.979010779,5.705486596,5.925240637,5.183281473,5.112034242,4.525415896,4.731448847,5.975399392,6.465887081,6.067468267,5.65317561,5.877226465,6.441820883,6.148515958,6.439263195,6.133325021,6.321536226,6.320723648,6.044701985,5.791126534,6.193079501,6.073287646,6.269078968,6.393600526
Honduras,HND,CO2 emissions (metric tons per capita),EN.ATM.CO2E.PC,0.523188172,0.529203516,0.586263176,0.527757346,0.600971613,0.679567585,0.674925343,0.689742808,0.750926433,0.745833911,0.771138223,0.853598376,0.887475982,0.962390428,1.022605017,1.024491994,0.929221554,1.13892448,1.101591737,0.979841745,0.973269197,1.072227358,1.05625722,1.047014219,1.07522179
Heavily indebted poor countries (HIPC),HPC,CO2 emissions (metric tons per capita),EN.ATM.CO2E.PC,0.169466571,0.157572139,0.158455875,0.159043849,0.159507752,0.170772953,0.17389876,0.174699811,0.165523206,0.161359232,0.162257814,0.163942515,0.170391156,0.175683411,0.184718896,0.183977821,0.192717356,0.200496028,0.203015919,0.20326954,0.221203409,0.232659952,0.240601121,0.254597359,0.26534215
Croatia,HRV,CO2 emissions (metric tons per capita),EN.ATM.CO2E.PC,,,3.672742506,3.610098276,3.546343871,3.637940458,3.773076992,4.1354007,4.477634303,4.390093105,4.369579304,4.593660811,4.836475676,5.176746847,5.040782609,5.086084421,5.091679054,5.371543282,5.094677245,4.778855554,4.566131051,4.627629816,4.21645564,4.123953137,3.973804906
Haiti,HTI,CO2 emissions (metric tons per capita),EN.ATM.CO2E.PC,0.139971058,0.137701251,0.123110746,0.088136104,0.039178826,0.115358616,0.129820742,0.168614307,0.149193502,0.15838386,0.159990525,0.1805538,0.206703021,0.193224637,0.217948811,0.224056081,0.22447544,0.25017388,0.247110854,0.230376834,0.212694146,0.218681438,0.224883835,0.23059851,0.270538586
Hungary,HUN,CO2 emissions (metric tons per capita),EN.ATM.CO2E.PC,6.713650623,6.418858426,5.824428958,5.978002173,5.692996711,5.844711547,6.019061436,5.916811704,5.762720948,5.743606612,5.467296695,5.592875675,5.518941473,5.82981044,5.684910755,5.751848927,5.698187039,5.572459521,5.463501182,4.840111448,5.022311649,4.797900003,4.494128944,4.259659831,4.265574976
IBRD only,IBD,CO2 emissions (metric tons per capita),EN.ATM.CO2E.PC,2.594811441,2.6499553,2.695644852,2.672921817,2.612817537,2.678478476,2.71602361,2.677616517,2.604920894,2.616393702,2.636762693,2.658677956,2.735797821,2.960963611,3.162068603,3.340744077,3.528921043,3.664981481,3.857788845,3.912898281,4.12149214,4.409179593,4.522604103,4.500871037,4.508560406
IDA & IBRD total,IBT,CO2 emissions (metric tons per capita),EN.ATM.CO2E.PC,2.184627343,2.225192422,2.260441721,2.235305362,2.177732173,2.223031712,2.252014365,2.215219366,2.154913011,2.160580069,2.178353399,2.192363913,2.248006772,2.422656599,2.57602115,2.706643591,2.846972754,2.949095394,3.089466525,3.115919019,3.271113157,3.484747291,3.560061852,3.53539851,3.529660613
IDA total,IDA,CO2 emissions (metric tons per capita),EN.ATM.CO2E.PC,0.490587432,0.490090484,0.503578793,0.489471721,0.462349959,0.448284333,0.465184268,0.455013661,0.461514451,0.465022818,0.494096652,0.500432103,0.500568776,0.518765907,0.529728927,0.52064105,0.526091633,0.544347889,0.541702835,0.506682532,0.523641434,0.536908204,0.529591478,0.534503758,0.525891424
IDA blend,IDB,CO2 emissions (metric tons per capita),EN.ATM.CO2E.PC,0.935139054,0.931934944,0.984743753,0.964680211,0.900011186,0.854296548,0.892172313,0.863254024,0.872048848,0.876105221,0.963794692,0.974056011,0.998706122,1.0036976,1.021554388,0.999547492,0.994749566,1.007746111,0.988996369,0.890379578,0.907667614,0.939870757,0.937521858,0.930803298,0.880445467
Indonesia,IDN,CO2 emissions (metric tons per capita),EN.ATM.CO2E.PC,0.824341653,0.973538,1.078874707,1.145229554,1.141628552,1.14207743,1.266992998,1.373878882,1.041245921,1.159992484,1.245241613,1.374818345,1.410233797,1.436404464,1.509898209,1.508480596,1.50157677,1.611855395,1.763895139,1.865165403,1.767907879,2.456844744,2.559750233,1.945094474,1.819363319
IDA only,IDX,CO2 emissions (metric tons per capita),EN.ATM.CO2E.PC,0.25778959,0.258362536,0.256796231,0.246162548,0.238831147,0.241439353,0.247994967,0.247694731,0.253309076,0.256897407,0.256610247,0.261527997,0.249832059,0.275410518,0.283473308,0.281287478,0.292215378,0.313351177,0.318837216,0.315627497,0.332242203,0.335718672,0.325675765,0.336241561,0.348440393
Isle of Man,IMN,CO2 emissions (metric tons per capita),EN.ATM.CO2E.PC,,,,,,,,,,,,,,,,,,,,,,,,,
India,IND,CO2 emissions (metric tons per capita),EN.ATM.CO2E.PC,0.7115628,0.741158963,0.771602203,0.783172984,0.811640203,0.844952257,0.901348777,0.92007238,0.921501664,0.962521771,0.979870442,0.97169808,0.967381128,0.992391683,1.025027608,1.068563218,1.121981504,1.19320986,1.310097833,1.431844254,1.397008906,1.47668635,1.598098637,1.591437853,1.730000432
Not classified,INX,CO2 emissions (metric tons per capita),EN.ATM.CO2E.PC,,,,,,,,,,,,,,,,,,,,,,,,,
Ireland,IRL,CO2 emissions (metric tons per capita),EN.ATM.CO2E.PC,8.883722816,8.884672638,8.721211602,8.74130132,9.100127396,9.135896261,9.596172382,9.911617342,10.3845933,10.69399161,10.83474264,11.38823116,11.04125081,10.6811767,10.75163663,10.4661517,10.0993731,10.14752888,9.577641293,8.889010942,8.783613934,7.77982216,7.738155591,7.538110297,7.313939808
"Iran, Islamic Rep.",IRN,CO2 emissions (metric tons per capita),EN.ATM.CO2E.PC,3.743163403,3.963387475,3.921487709,4.021184357,4.440852037,4.505806723,4.482709433,4.294228785,4.827939521,5.876485145,5.628712148,5.938288818,5.909686786,6.080819732,6.42136251,6.657136594,7.150837088,7.209721709,7.434674547,7.522002539,7.684728662,7.802934624,8.001696245,8.003808763,8.283020787
Iraq,IRQ,CO2 emissions (metric tons per capita),EN.ATM.CO2E.PC,2.730149885,2.543826227,3.202483538,3.33275666,3.640010259,3.679087549,3.334021287,3.175784641,3.26142842,3.159516178,3.074219493,3.519022191,3.498892732,3.55544505,4.335058404,4.203243314,3.565996058,2.189316732,3.19974579,3.497152936,3.647128775,4.235645492,4.659523902,4.884622664,4.811839686
Iceland,ISL,CO2 emissions (metric tons per capita),EN.ATM.CO2E.PC,7.842665191,6.856146503,6.967183412,7.49459854,7.553975062,7.280037238,8.222645733,7.763336874,7.667265104,7.456127132,7.693782116,7.373427894,7.550227286,7.485457013,7.683682902,7.513584557,7.568614994,7.414833454,6.677481144,6.447492771,6.168528586,5.896828979,5.613991818,5.866946294,6.059657407
Israel,ISR,CO2 emissions (metric tons per capita),EN.ATM.CO2E.PC,7.788833906,7.426619721,8.352571345,8.567717924,8.964758844,9.215445446,9.328559382,9.575293523,9.562081728,9.092962612,9.581779456,9.876810219,9.103871689,9.400877468,8.667993097,8.218088772,8.856488368,8.78433448,9.340093039,8.612472881,9.035223254,8.901888279,9.547967764,8.321785471,7.863181348
Italy,ITA,CO2 emissions (metric tons per capita),EN.ATM.CO2E.PC,7.361704582,7.468379928,7.404168932,7.248012993,7.16667249,7.573033273,7.48906561,7.566965198,7.734648761,7.765755082,7.912673166,7.904432663,7.932323042,8.17175128,8.216487201,8.166090128,8.072145596,7.917347216,7.60176497,6.795651486,6.83837457,6.702557614,6.205413858,5.732941879,5.270866786
Jamaica,JAM,CO2 emissions (metric tons per capita),EN.ATM.CO2E.PC,3.106957969,3.173769248,3.129507147,3.216457287,3.261275447,3.617228782,3.787239856,3.916736991,3.721250211,3.786851555,3.879738293,3.965603802,3.799716633,3.932630319,3.910532081,3.825089911,4.164812687,3.47744866,3.658953981,2.760631465,2.590268386,2.777310635,2.626668783,2.837874022,2.59321537
Jordan,JOR,CO2 emissions (metric tons per capita),EN.ATM.CO2E.PC,2.921791718,2.610469935,3.091104577,2.888482947,3.101467645,2.964614827,3.008163901,2.983826018,2.95121382,2.905141459,3.03886889,3.081321549,3.19367817,3.237042722,3.475823105,3.68553936,3.559335058,3.557940164,3.289654786,3.209444026,2.948961557,2.860523571,3.058367062,2.898831801,3.002514727
Japan,JPN,CO2 emissions (metric tons per capita),EN.ATM.CO2E.PC,8.873292835,8.871630055,9.046579237,8.912179795,9.389452085,9.434444176,9.579507892,9.525758078,9.160044153,9.448842945,9.622351624,9.464308709,9.573130135,9.725282059,9.909203497,9.698882518,9.632048618,9.782963899,9.449533972,8.620816388,9.148316038,9.317426666,9.63862829,9.780815065,9.538706103
Kazakhstan,KAZ,CO2 emissions (metric tons per capita),EN.ATM.CO2E.PC,,,15.9402826,13.32616034,12.42504128,10.69613331,9.08564399,8.442824802,8.447971111,7.803452018,7.934854181,8.873851074,9.000333671,9.538517359,11.52689249,11.7071662,12.58362425,14.35971247,14.85305787,13.25676292,15.22798733,15.64629686,14.46941789,15.42931652,14.36316974
Kenya,KEN,CO2 emissions (metric tons per capita),EN.ATM.CO2E.PC,0.248827871,0.200186951,0.22195351,0.246468467,0.246966852,0.276233966,0.331424476,0.2854661,0.337139584,0.332422419,0.331249189,0.289874858,0.239910545,0.197903469,0.217354469,0.237527091,0.258407753,0.258132923,0.261618018,0.306941208,0.294423102,0.316754325,0.286745421,0.297438082,0.310415314
Kyrgyz Republic,KGZ,CO2 emissions (metric tons per capita),EN.ATM.CO2E.PC,,,2.484243478,1.908720305,1.379053842,0.993058723,1.230414614,1.194640576,1.248733068,0.965159491,0.946245305,0.787517745,0.993404532,1.078294172,1.150808862,1.083209042,1.055464127,1.258434439,1.440269803,1.261546635,1.171873015,1.388440866,1.806948388,1.720789566,1.646395339
Cambodia,KHM,CO2 emissions (metric tons per capita),EN.ATM.CO2E.PC,0.140577279,0.140568039,0.140254164,0.139053748,0.143261962,0.1455984,0.147277486,0.136345287,0.168208993,0.15953358,0.162644456,0.18153944,0.174719537,0.185159888,0.18723252,0.209184397,0.222613711,0.253373751,0.28082695,0.330259355,0.350330567,0.358177248,0.369259354,0.372980821,0.437759998
Kiribati,KIR,CO2 emissions (metric tons per capita),EN.ATM.CO2E.PC,0.303844667,0.2985346,0.34331073,0.387432481,0.382621852,0.37740898,0.418251866,0.32012621,0.359730227,0.353590627,0.34755823,0.298970393,0.461822928,0.453760054,0.486006494,0.675212564,0.739157649,0.533043993,0.558766761,0.401091799,0.607284807,0.595656245,0.584722313,0.574367715,0.564368357
St. Kitts and Nevis,KNA,CO2 emissions (metric tons per capita),EN.ATM.CO2E.PC,2.604275849,2.592909565,2.65975194,2.716555943,2.855851604,2.992352708,3.043644664,3.261711445,3.392535596,3.599589506,3.79840878,3.827266797,4.245577925,4.185896081,4.433636989,4.073522454,4.098455598,4.345921298,4.298517842,4.395845616,4.276800467,4.442198977,4.18360556,4.207094359,4.2989449
"Korea, Rep.",KOR,CO2 emissions (metric tons per capita),EN.ATM.CO2E.PC,5.760374252,6.039462229,6.498142885,7.284858219,7.706677234,8.311071381,8.869490025,9.35798162,7.882070871,8.577710247,9.52093176,9.503744234,9.77299975,9.734649494,10.03018386,9.607269847,9.716605676,10.18156704,10.34742286,10.32010949,11.43631663,11.80296873,11.63282456,11.74920084,11.57034541
Kuwait,KWT,CO2 emissions (metric tons per capita),EN.ATM.CO2E.PC,24.2904704,5.006036369,,,,34.03695152,30.73624413,32.01784571,28.17815366,27.60369042,26.11748729,27.32663445,27.16083436,27.62525921,28.77545168,31.42673908,31.03114555,30.05334284,31.19177293,30.97049493,29.89415136,28.52652872,30.13791232,27.33039211,25.22386443
Latin America & Caribbean (excluding high income),LAC,CO2 emissions (metric tons per capita),EN.ATM.CO2E.PC,2.122830336,2.119598166,2.108335497,2.169745569,2.208569659,2.177534234,2.22094109,2.310649776,2.436765644,2.418584459,2.380762057,2.436338436,2.451015014,2.45850583,2.385663426,2.482915468,2.496615923,2.501536067,2.595386152,2.51889322,2.622306065,2.634371722,2.745712339,2.763729253,2.781101756
Lao PDR,LAO,CO2 emissions (metric tons per capita),EN.ATM.CO2E.PC,0.049944205,0.053580842,0.057012284,0.055521188,0.058017501,0.071799367,0.096165562,0.120383608,0.133131538,0.177008344,0.176149081,0.161184789,0.209456216,0.197162692,0.245994204,0.244083186,0.2651815,0.152848497,0.156321266,0.204449551,0.262420284,0.256490777,0.264657252,0.242789462,0.297200884
Lebanon,LBN,CO2 emissions (metric tons per capita),EN.ATM.CO2E.PC,3.038857336,3.0801893,3.67107782,4.027456053,4.270260603,4.47647124,4.480222471,5.059411124,5.346320478,5.224057116,4.712723692,4.81313948,4.542585422,4.911836506,4.348269742,4.065397963,3.563651398,3.294180595,4.190554377,4.989669044,4.622282052,4.455511197,4.603511835,4.279937348,4.295732552
Liberia,LBR,CO2 emissions (metric tons per capita),EN.ATM.CO2E.PC,0.225555876,0.135269846,0.139593094,0.15766145,0.15484988,0.157398521,0.153964601,0.147708111,0.146618938,0.143487445,0.1461958,0.164278273,0.159233697,0.167097261,0.193947011,0.222635631,0.221594757,0.189982043,0.154168463,0.13565347,0.200619788,0.218929838,0.245544549,0.223290253,0.212967664
Libya,LBY,CO2 emissions (metric tons per capita),EN.ATM.CO2E.PC,8.290020355,9.432394214,8.011256709,8.190292325,9.090075742,9.299399571,8.768671796,8.789015195,8.752660859,8.460120781,8.796827186,8.84099908,8.653499448,8.754906737,8.827526456,8.995490522,9.057399937,8.367869151,9.253709435,9.472052766,10.04374986,6.410366124,8.499773485,9.081136287,9.186845393
St. Lucia,LCA,CO2 emissions (metric tons per capita),EN.ATM.CO2E.PC,1.167623114,1.203530352,1.421067465,1.558088671,1.792512066,2.11973967,2.190296905,2.038759382,2.010849768,2.055970149,2.102784981,2.290949364,2.04279464,2.232461344,2.192276165,2.239881745,2.216955752,2.301629525,2.340361659,2.251377016,2.33729285,2.341553914,2.3281208,2.31718661,2.307191321
Latin America & Caribbean,LCN,CO2 emissions (metric tons per capita),EN.ATM.CO2E.PC,2.275302602,2.275414393,2.278813433,2.320139797,2.363997404,2.34779288,2.421621614,2.514923297,2.630645359,2.63886272,2.585980376,2.610175679,2.606269906,2.635367539,2.61897329,2.723219279,2.769717425,2.783861668,2.888649957,2.792732554,2.90513625,2.930914491,3.02585131,3.036040096,3.063307099
Least developed countries: UN classification,LDC,CO2 emissions (metric tons per capita),EN.ATM.CO2E.PC,0.150132952,0.144642964,0.144684912,0.138668307,0.13678897,0.161042629,0.162220222,0.161960579,0.154072584,0.162456058,0.166976484,0.175880211,0.182235366,0.185154906,0.209194201,0.211198028,0.2235639,0.230223596,0.238035626,0.251513588,0.269364192,0.278625092,0.278405674,0.294525992,0.314163047
Low income,LIC,CO2 emissions (metric tons per capita),EN.ATM.CO2E.PC,0.440647054,0.450235323,0.44279388,0.427526256,0.40998395,0.385955216,0.388170605,0.375318743,0.39388133,0.412636323,0.407045869,0.402802592,0.364133503,0.396311343,0.387938287,0.392132958,0.395533282,0.391635458,0.40195478,0.387771546,0.387171698,0.352098092,0.325237326,0.315277065,0.320595161
Liechtenstein,LIE,CO2 emissions (metric tons per capita),EN.ATM.CO2E.PC,,,,,,,,,,,,,,,,,,1.764877414,1.75400242,1.435385562,1.527789351,1.314554379,1.304446573,1.393766629,1.185229079
Sri Lanka,LKA,CO2 emissions (metric tons per capita),EN.ATM.CO2E.PC,0.223239992,0.238130011,0.292274624,0.281233992,0.305341073,0.323550767,0.384421722,0.412218599,0.421383016,0.461588862,0.545112224,0.552190884,0.580084526,0.576519907,0.634873861,0.619788678,0.608862738,0.623605804,0.612029771,0.656312556,0.656664382,0.745132332,0.784926512,0.752460918,0.885545809
Lower middle income,LMC,CO2 emissions (metric tons per capita),EN.ATM.CO2E.PC,0.971687795,1.019352407,1.070132332,1.03021431,0.976796138,0.996847049,1.02840686,1.01809725,0.985401358,1.014940558,1.051273791,1.056042396,1.064725488,1.101684238,1.136973324,1.156259956,1.181596245,1.230762198,1.300886866,1.334985377,1.33806101,1.443258979,1.5111332,1.439163445,1.474025205
Low & middle income,LMY,CO2 emissions (metric tons per capita),EN.ATM.CO2E.PC,2.102650647,2.147651573,2.187096499,2.163809369,2.109982251,2.152182087,2.176699948,2.139070779,2.082955709,2.090130869,2.115230242,2.132406833,2.191592241,2.365131904,2.515936627,2.648158776,2.78450366,2.885611483,3.027956297,3.061183413,3.214139688,3.425603087,3.505895782,3.479115757,3.476109545
Lesotho,LSO,CO2 emissions (metric tons per capita),EN.ATM.CO2E.PC,0.919071685,0.935529578,0.952426968,0.961843419,0.967419384,0.970172463,0.972519587,0.978297144,0.985183187,0.986835642,0.99097554,0.995518981,1.002380261,1.007513697,1.02591833,1.032643548,1.037234275,1.047034057,1.063467221,1.098714893,1.115976518,1.129856804,1.151021471,1.149963563,1.150111032
Late-demographic dividend,LTE,CO2 emissions (metric tons per capita),EN.ATM.CO2E.PC,3.369666133,3.40530805,3.50685464,3.490523626,3.417748368,3.509930402,3.552156159,3.486448382,3.358733947,3.336281866,3.400850155,3.450975118,3.605369779,3.990020597,4.347365455,4.679370052,5.019740118,5.257957345,5.546243471,5.627975092,6.07649558,6.553190673,6.703500442,6.770293603,6.744760566
Lithuania,LTU,CO2 emissions (metric tons per capita),EN.ATM.CO2E.PC,,,5.985945298,4.750772617,4.746758126,4.46514675,4.367884612,4.290482015,4.563434349,3.885259168,3.475729068,3.712622788,3.817099115,3.754816757,3.922093528,4.184042091,4.329871871,4.693696086,4.69291649,3.958100057,4.348616303,4.553301311,4.629509672,4.273657237,4.378090123
Luxembourg,LUX,CO2 emissions (metric tons per capita),EN.ATM.CO2E.PC,26.19765877,27.43143411,26.95725378,27.14211963,25.29153813,20.35302784,20.37000905,18.92729765,17.32046621,17.85476973,18.88551226,19.93273314,21.1057455,21.93071098,24.5990264,24.82464668,24.01285765,22.95728271,22.38547222,20.87712517,21.6351358,21.10296963,20.08421949,18.49831971,17.36212137
Latvia,LVA,CO2 emissions (metric tons per capita),EN.ATM.CO2E.PC,,,5.410019286,4.688021644,4.329277649,3.799723226,3.723377456,3.475799381,3.345920924,2.836366473,2.682622965,2.988928918,2.992111413,3.221510038,3.271442282,3.352846325,3.611860039,3.779785259,3.629405756,3.376490018,3.849593455,3.541113332,3.471747548,3.518240904,3.498192882
"Macao SAR, China",MAC,CO2 emissions (metric tons per capita),EN.ATM.CO2E.PC,3.006655327,3.088968917,2.984516869,3.188308199,3.366623452,3.194598715,3.577860949,3.707508641,3.80267033,3.626668641,3.812838948,3.85047514,3.381937019,3.331122446,3.640142284,3.791936323,3.285522582,3.04962854,2.602236229,3.944039078,2.622363675,2.636261714,2.333713164,2.05052089,2.17984276
St. Martin (French part),MAF,CO2 emissions (metric tons per capita),EN.ATM.CO2E.PC,,,,,,,,,,,,,,,,,,,,,,,,,
Morocco,MAR,CO2 emissions (metric tons per capita),EN.ATM.CO2E.PC,0.946260352,0.985754945,1.009610649,1.075470386,1.111497643,1.121828282,1.135997232,1.14506851,1.1371173,1.162671642,1.175234919,1.292416974,1.296207204,1.25858331,1.435121375,1.499668721,1.536323802,1.609794004,1.674221754,1.640583713,1.726598065,1.755558226,1.881915344,1.746728972,1.744379974
Monaco,MCO,CO2 emissions (metric tons per capita),EN.ATM.CO2E.PC,,,,,,,,,,,,,,,,,,,,,,,,,
Moldova,MDA,CO2 emissions (metric tons per capita),EN.ATM.CO2E.PC,,,5.658816244,4.222846258,3.275561907,3.045274155,3.141359221,1.942777204,1.716679461,1.234733964,0.965214233,1.022913361,1.100182387,1.187528267,1.263730162,1.361666306,1.393071924,1.30813803,1.338363153,1.276290637,1.384630177,1.415302757,1.383552384,1.404532331,1.386829142
Madagascar,MDG,CO2 emissions (metric tons per capita),EN.ATM.CO2E.PC,0.081884908,0.086587095,0.081678771,0.081293065,0.097101582,0.093883298,0.098119443,0.115010231,0.11737339,0.12549245,0.118846962,0.107117169,0.073711326,0.098470636,0.101546442,0.094991068,0.089148788,0.093403805,0.094441924,0.086107763,0.09257807,0.107595267,0.121103401,0.135748886,0.130421321
Maldives,MDV,CO2 emissions (metric tons per capita),EN.ATM.CO2E.PC,0.772121049,0.670343063,0.978115077,0.816707155,0.797068022,0.981399706,1.117095405,1.24881279,1.116966189,1.536355489,1.608654559,1.609750999,2.01825094,1.674490171,2.149950229,1.886198547,2.318681252,2.324131877,2.444284083,2.492932319,2.56531353,2.629542746,2.876986973,2.749809385,3.26955985
Middle East & North Africa,MEA,CO2 emissions (metric tons per capita),EN.ATM.CO2E.PC,3.569396607,3.806986672,3.980344783,4.238926809,4.33943986,4.136264811,4.052912261,3.85822293,4.156529511,4.351312811,4.644901115,4.631625284,4.603452057,4.816033373,5.108815409,5.254239767,5.450505016,5.297569033,5.609736352,5.744609287,5.847629161,5.793991934,6.099270394,5.92162696,6.159356049
Mexico,MEX,CO2 emissions (metric tons per capita),EN.ATM.CO2E.PC,3.730500739,3.812485098,3.767921409,3.746878153,3.820068506,3.538889585,3.620305649,3.801014279,3.937272843,3.904180812,3.916478182,4.006881616,3.970934988,4.16704652,4.124551403,4.299365235,4.353173578,4.296635487,4.339644436,4.120600766,3.957657664,4.067755192,4.107686314,4.001602493,3.866241113
Marshall Islands,MHL,CO2 emissions (metric tons per capita),EN.ATM.CO2E.PC,1.007886169,1.059061372,1.113957633,1.245584239,1.305111221,1.293854749,1.284138441,1.276909386,1.341800674,1.267420649,1.476389501,1.545982408,1.617029027,1.618332182,1.690056458,1.620228604,1.760340259,1.899016054,1.896070321,1.962461774,1.958531235,1.954169997,1.949680041,1.944879056,1.941018564
Middle income,MIC,CO2 emissions (metric tons per capita),EN.ATM.CO2E.PC,2.252773698,2.302735802,2.348359648,2.326256018,2.271070907,2.320760309,2.349642736,2.311651697,2.25145076,2.259691627,2.290234027,2.312147958,2.384225685,2.575862021,2.747176755,2.897139121,3.052334517,3.169696132,3.331870179,3.37538082,3.551377071,3.797441545,3.89607686,3.872647814,3.87412782
"Macedonia, FYR",MKD,CO2 emissions (metric tons per capita),EN.ATM.CO2E.PC,,,5.419387135,5.212093781,5.282973786,5.465594892,5.902020817,5.318216302,6.274912192,5.79106587,5.928994176,5.873397943,5.336934241,5.507394958,5.440655464,5.474855747,5.301935152,4.596492884,4.547880455,4.20383424,4.154450175,4.535127435,4.322883016,3.780523467,3.614938183
Mali,MLI,CO2 emissions (metric tons per capita),EN.ATM.CO2E.PC,0.049816377,0.050433088,0.050033135,0.049937884,0.049398373,0.04887068,0.049479598,0.051846562,0.0734754,0.074621124,0.074893437,0.073383783,0.072779635,0.070254145,0.070724633,0.070195456,0.071249296,0.073738963,0.075735439,0.055231208,0.063974498,0.067247651,0.062083931,0.062311648,0.083228663
Malta,MLT,CO2 emissions (metric tons per capita),EN.ATM.CO2E.PC,6.098379309,5.654020256,5.506215691,7.140274381,6.457415614,5.625559392,5.897624406,6.581212724,5.567784535,6.055245654,5.292462963,6.325824114,5.806537886,6.476880542,6.415248662,6.683221324,6.351303206,6.698844917,6.252313871,5.814186003,6.174949579,6.104795468,6.38190073,5.49231748,5.400613957
Myanmar,MMR,CO2 emissions (metric tons per capita),EN.ATM.CO2E.PC,0.105245303,0.101489783,0.117188667,0.126577756,0.146208756,0.160969506,0.165710082,0.169005122,0.179679997,0.196960766,0.218848376,0.187093466,0.195328681,0.206738413,0.258661081,0.239234646,0.263052109,0.261834894,0.198099033,0.205437515,0.249531401,0.282824446,0.217129435,0.249963458,0.416600362
Middle East & North Africa (excluding high income),MNA,CO2 emissions (metric tons per capita),EN.ATM.CO2E.PC,2.417082947,2.503572067,2.524237036,2.612288524,2.726657738,2.786789203,2.762982784,2.68223265,2.956416673,3.141157567,3.105059766,3.143044411,3.100289482,3.262256187,3.401536629,3.550132417,3.603603965,3.556695388,3.735083468,3.807163846,3.818795951,3.822477607,3.926381879,3.914188367,3.927253364
Montenegro,MNE,CO2 emissions (metric tons per capita),EN.ATM.CO2E.PC,,,,,,,,,,,,,,,,3.34904381,3.875533515,3.655836006,4.457679397,2.953556075,4.167664361,4.145547583,3.763898221,3.61855388,3.55607179
Mongolia,MNG,CO2 emissions (metric tons per capita),EN.ATM.CO2E.PC,4.573372189,5.482516486,4.911667117,4.102529162,3.484500302,3.446730016,3.471400136,3.300102967,3.272230736,3.179084591,3.130990358,3.258173484,3.3913979,3.25373286,3.424917656,3.389126465,3.672716938,4.655079543,4.580730945,4.9103343,5.094989402,7.785441402,9.319217433,13.50693996,7.127326348
Northern Mariana Islands,MNP,CO2 emissions (metric tons per capita),EN.ATM.CO2E.PC,,,,,,,,,,,,,,,,,,,,,,,,,
Mozambique,MOZ,CO2 emissions (metric tons per capita),EN.ATM.CO2E.PC,0.077228269,0.07527187,0.071405124,0.073655692,0.069884138,0.070737906,0.06409485,0.067405864,0.066121115,0.067564222,0.074688918,0.085023271,0.082959215,0.097270381,0.094596362,0.08710476,0.091898522,0.101969512,0.099191579,0.107559226,0.112940682,0.129247057,0.121535416,0.152038112,0.309666607
Mauritania,MRT,CO2 emissions (metric tons per capita),EN.ATM.CO2E.PC,0.446151004,0.441404238,0.452072316,0.446749714,0.505926631,0.461708798,0.465020471,0.452514932,0.440174124,0.436613546,0.433106133,0.455955774,0.469665477,0.469982419,0.504949844,0.507171194,0.49984056,0.556802755,0.568203288,0.605538678,0.61971003,0.644099587,0.693144214,0.676497971,0.666822428
Mauritius,MUS,CO2 emissions (metric tons per capita),EN.ATM.CO2E.PC,1.381911171,1.421894183,1.575762997,1.617341034,1.459753641,1.630203206,1.720327056,1.740436164,1.870755528,2.065534045,2.267789393,2.39401331,2.395715333,2.523504784,2.53175545,2.683999401,2.94193012,2.97588958,3.029991456,2.97492202,3.132082534,3.129998786,3.15928885,3.233909584,3.353110472
Malawi,MWI,CO2 emissions (metric tons per capita),EN.ATM.CO2E.PC,0.079265038,0.082535668,0.081784393,0.091338055,0.093574793,0.092886147,0.090316722,0.092894801,0.087352393,0.085330371,0.076394678,0.073993001,0.070814422,0.074310875,0.073478637,0.067211075,0.067992046,0.06411502,0.07400173,0.064295725,0.075433298,0.075556876,0.06811283,0.073883522,0.07476291
Malaysia,MYS,CO2 emissions (metric tons per capita),EN.ATM.CO2E.PC,3.137365778,3.701740753,3.960409776,4.704941075,4.703626236,5.91014797,5.963602516,5.788042285,5.163673724,4.763996976,5.422937194,5.722640626,5.526834521,6.410086386,6.507753343,6.800116472,6.414691515,6.941255761,7.525777755,7.20424991,7.771554746,7.697015882,7.497558969,7.961513999,8.032991579
North America,NAC,CO2 emissions (metric tons per capita),EN.ATM.CO2E.PC,18.95348572,18.66268843,18.7692773,18.95630105,18.99345882,18.9423261,19.16269229,19.37377962,19.29713283,19.44626241,19.90001075,19.37358606,19.31107882,19.35503182,19.41999239,19.35915719,18.85642497,18.98389784,18.30378575,17.03768107,17.27041101,16.83921308,16.16178768,16.15236797,16.35141791
Namibia,NAM,CO2 emissions (metric tons per capita),EN.ATM.CO2E.PC,0.02851292,0.720520693,0.760667256,0.890902657,0.985950241,0.985777103,1.025004556,1.021510022,1.053173428,0.896006656,0.864978252,1.043056564,0.897058171,0.943269059,0.976417311,1.136804718,1.134491136,1.135406014,1.579001365,1.436229083,1.427537652,1.277711305,1.495026357,1.134995165,1.583728667
New Caledonia,NCL,CO2 emissions (metric tons per capita),EN.ATM.CO2E.PC,9.269474953,10.07911634,8.810638546,9.957760602,10.45049134,10.70872374,11.11808325,9.084754093,8.824565591,9.832931831,10.47321202,8.689813366,10.86077024,12.15844489,11.06111475,12.15754575,11.5415228,12.30763218,11.8129516,12.09163245,14.18347147,14.34505603,14.01671815,16.09223971,16.00593173
Niger,NER,CO2 emissions (metric tons per capita),EN.ATM.CO2E.PC,0.091527858,0.087320331,0.081923297,0.088332316,0.084545131,0.085510027,0.091862048,0.08933306,0.090662867,0.087087586,0.061369828,0.055758948,0.05738136,0.059972884,0.062015179,0.052507081,0.049041881,0.049248865,0.053216382,0.061217486,0.0714398,0.077789764,0.105264016,0.105275363,0.111073516
Nigeria,NGA,CO2 emissions (metric tons per capita),EN.ATM.CO2E.PC,0.411426136,0.432566935,0.465118509,0.439240366,0.334101575,0.331828274,0.358212759,0.372860927,0.325375821,0.337607058,0.621626466,0.683342208,0.728060755,0.769980197,0.77037715,0.763411354,0.693421339,0.649213947,0.639510536,0.49698548,0.57711138,0.587523023,0.588789917,0.571126416,0.545622113
Nicaragua,NIC,CO2 emissions (metric tons per capita),EN.ATM.CO2E.PC,0.614917368,0.473434792,0.552851041,0.520238197,0.562129083,0.60265581,0.611585441,0.65653966,0.702581882,0.732709519,0.748457268,0.77714591,0.78066022,0.841729221,0.833581276,0.803023352,0.81949231,0.834057151,0.79049017,0.793378229,0.790571277,0.840380212,0.786172383,0.765378513,0.808520856
Netherlands,NLD,CO2 emissions (metric tons per capita),EN.ATM.CO2E.PC,10.59447501,10.95929395,10.68378816,10.77817839,10.74723845,11.55535084,11.96659804,11.42242905,11.36038153,10.98308161,10.89472628,11.01778766,11.24924012,11.22973834,11.352269,11.12017757,10.98971528,10.78586295,10.76402402,10.42752306,11.01707086,10.4335386,10.16475883,10.31006279,9.920138075
Norway,NOR,CO2 emissions (metric tons per capita),EN.ATM.CO2E.PC,7.429148081,7.526341168,7.467626804,8.151268173,7.818332417,7.67101664,7.615492854,8.195307227,8.52482024,9.117546218,8.834015703,9.284992238,8.378534776,9.90643602,9.287466436,9.179216926,9.495835691,9.57484966,11.67958325,11.46182886,12.2934545,9.124767216,9.940980235,11.45011884,9.270945132
Nepal,NPL,CO2 emissions (metric tons per capita),EN.ATM.CO2E.PC,0.033835259,0.049922125,0.067317505,0.072180866,0.081363417,0.095118175,0.113508788,0.124308954,0.098508398,0.138145835,0.129282276,0.135225857,0.106876799,0.113901965,0.105477444,0.120277398,0.098811563,0.099736268,0.129223796,0.162087331,0.187128275,0.202491061,0.211798007,0.237169787,0.283538526
Nauru,NRU,CO2 emissions (metric tons per capita),EN.ATM.CO2E.PC,13.61856909,13.33739837,12.67661848,11.69636794,11.16059653,10.66736884,10.23791006,10.20940638,9.855564404,9.130976096,8.403008867,8.025666534,7.639583333,6.531367504,6.518467312,6.163634566,4.36937742,4.399520096,4.423846386,4.056008044,4.389426434,4.010838222,3.924214418,4.066537289,4.021851008
New Zealand,NZL,CO2 emissions (metric tons per capita),EN.ATM.CO2E.PC,7.071237612,6.891034877,7.10204151,7.471145513,7.370467403,7.386109054,7.674956324,8.204273662,7.871314024,8.510851608,8.549394199,8.87715449,8.408514119,8.46272795,8.453612477,8.258489562,7.992808632,7.963774563,8.029041035,7.527296054,7.305005861,7.185948221,7.747276831,7.531957408,7.686575825
OECD members,OED,CO2 emissions (metric tons per capita),EN.ATM.CO2E.PC,10.54515987,10.53243167,10.50924438,10.51782485,10.56588024,10.61384381,10.8463928,10.8824567,10.79792612,10.84617842,11.05324022,10.93329922,10.91225355,11.00463012,11.05118152,10.99124189,10.89592874,10.90666875,10.63221292,9.916181257,10.15794064,9.963690956,9.753258218,9.680142816,9.521582206
Oman,OMN,CO2 emissions (metric tons per capita),EN.ATM.CO2E.PC,6.283128973,6.215677608,6.090474503,6.494772722,7.124305771,7.211617111,6.753074889,6.883245999,7.353948154,9.183282496,9.654208063,8.839968154,10.91168473,13.57951707,11.44760509,11.9036965,15.3324576,16.41001787,15.47867535,14.25745055,15.59053119,16.68986874,17.07526401,16.53740003,15.44316719
Other small states,OSS,CO2 emissions (metric tons per capita),EN.ATM.CO2E.PC,4.059143282,4.41125439,5.054967381,5.227996072,5.060011223,4.989220152,5.07903924,5.427305911,5.107283714,4.84029637,5.026929081,5.233443552,5.244953033,5.42436047,5.42649332,5.749675465,6.121088617,6.5696491,6.632554317,6.310198594,6.564310308,6.78463419,7.007403494,6.68853493,7.519311831
Pakistan,PAK,CO2 emissions (metric tons per capita),EN.ATM.CO2E.PC,0.636761224,0.6162974,0.639927766,0.668166038,0.708357907,0.6878173,0.74994837,0.73370119,0.73845596,0.741358828,0.768458119,0.764701583,0.788667608,0.804958723,0.872801659,0.887768063,0.929856974,0.991029936,0.972050346,0.950832112,0.946268168,0.929801105,0.918978434,0.904315983,0.896264105
Panama,PAN,CO2 emissions (metric tons per capita),EN.ATM.CO2E.PC,1.120426919,1.286191914,1.648430252,1.499071737,1.616156946,1.08950079,1.653618797,1.978730464,2.042309108,1.908046488,1.910735965,2.268075635,1.864202282,1.917386218,1.775436063,2.053453497,2.173017817,2.084170019,2.097205617,2.402400133,2.515310074,2.723708675,2.680559818,2.792431187,2.254311363
Peru,PER,CO2 emissions (metric tons per capita),EN.ATM.CO2E.PC,0.965359974,0.910697008,0.898321665,1.018601094,0.986018289,0.993527578,0.997878285,1.106713726,1.1034579,1.148533257,1.169087226,1.03441455,1.022016493,0.979310067,1.169484073,1.344989408,1.247832089,1.518243277,1.432002781,1.782828044,1.96073385,1.667770946,1.82602434,1.869868254,1.993485949
Philippines,PHL,CO2 emissions (metric tons per capita),EN.ATM.CO2E.PC,0.67417677,0.69172927,0.749172507,0.742420324,0.803087275,0.86933816,0.870068176,0.973904945,0.926989808,0.905991804,0.939934892,0.89187863,0.876902416,0.860220946,0.87467388,0.867379088,0.770906137,0.808236155,0.868950031,0.841111599,0.905495625,0.897333685,0.941558643,0.99642457,1.055456846
Palau,PLW,CO2 emissions (metric tons per capita),EN.ATM.CO2E.PC,15.55461294,15.16660204,14.76582358,14.36103292,13.96453648,13.60273576,13.26595444,13.15207195,12.86736126,12.81964087,13.00422425,13.03973408,12.73914376,12.84380711,12.77635831,13.07932282,13.19328403,12.94278187,12.5085525,12.07791761,12.36067416,12.28326618,12.18918008,12.27007648,12.34270409
Papua New Guinea,PNG,CO2 emissions (metric tons per capita),EN.ATM.CO2E.PC,0.496521842,0.466768649,0.452763961,0.428891747,0.457355942,0.421074333,0.435883815,0.500086519,0.541264535,0.450400232,0.478428354,0.561326046,0.594870184,0.656442053,0.728458268,0.694526383,0.665926409,0.923399974,0.706689826,0.733141685,0.670128424,0.732961333,0.683475587,0.814742393,0.814648807
Poland,POL,CO2 emissions (metric tons per capita),EN.ATM.CO2E.PC,9.66717214,9.455665483,9.246915317,9.18461204,8.664998584,8.918615723,9.210609908,9.043385427,8.417027479,8.166558532,7.822798329,7.877112224,7.712040984,7.911421984,7.97271581,7.927026686,8.362097463,8.244183742,8.258160054,7.800914342,8.313376825,8.328175875,7.879830064,7.946282506,7.517151585
Pre-demographic dividend,PRE,CO2 emissions (metric tons per capita),EN.ATM.CO2E.PC,0.334551205,0.319623679,0.354966131,0.355430693,0.339063543,0.361081472,0.356467934,0.340951024,0.32851555,0.328749756,0.389169394,0.426932896,0.441978857,0.447699684,0.503209857,0.495034363,0.457788037,0.399360555,0.441915479,0.431235884,0.466651105,0.504192971,0.523535454,0.535839629,0.536757223
Puerto Rico,PRI,CO2 emissions (metric tons per capita),EN.ATM.CO2E.PC,,,,,,,,,,,,,,,,,,,,,,,,,
"Korea, Dem. People’s Rep.",PRK,CO2 emissions (metric tons per capita),EN.ATM.CO2E.PC,,,,,,,,,2.623174895,2.838813504,3.038151299,3.122333791,2.966386951,3.005755582,3.049253044,3.161507489,3.196057811,2.653668475,2.923034281,2.889167205,2.702279506,1.942943694,1.973809403,1.441206059,1.613596841
Portugal,PRT,CO2 emissions (metric tons per capita),EN.ATM.CO2E.PC,4.239198924,4.416863558,4.851017443,4.709295486,4.770042511,5.173429531,5.026484644,5.250035785,5.690597799,6.305207232,6.096403385,6.056037979,6.410086691,5.853135645,6.02313785,6.215165476,5.684705076,5.705207852,5.268402206,5.126323978,4.552752646,4.510827218,4.37605313,4.344029312,4.331554028
Paraguay,PRY,CO2 emissions (metric tons per capita),EN.ATM.CO2E.PC,0.513446243,0.493636736,0.57080548,0.631364129,0.73793721,0.832630098,0.770186138,0.842320932,0.884810711,0.866486548,0.695683708,0.706728265,0.70762321,0.725821379,0.716846315,0.66120593,0.677573895,0.693306363,0.736175272,0.744430376,0.820810138,0.845408397,0.828337607,0.840506114,0.870219291
West Bank and Gaza,PSE,CO2 emissions (metric tons per capita),EN.ATM.CO2E.PC,,,,,,,,0.146326756,0.216594011,0.227865446,0.271057676,0.450151178,0.375598342,0.405640436,0.576681705,0.826080986,0.665291777,0.665297084,0.570947494,0.564577775,0.534014834,0.572406877,0.543675272,0.584854657,
Pacific island small states,PSS,CO2 emissions (metric tons per capita),EN.ATM.CO2E.PC,1.030430429,0.941900449,0.957117531,0.952726752,0.940579532,0.941663264,0.963334378,0.948413461,0.92499613,0.932873222,0.96145485,1.084008658,0.990563424,1.067244077,1.19010505,1.057993453,1.10613288,1.095149407,0.954460992,0.9281475,1.096408647,1.030073173,1.004216091,1.039494445,1.064149686
Post-demographic dividend,PST,CO2 emissions (metric tons per capita),EN.ATM.CO2E.PC,11.63487716,11.62432969,11.62643542,11.56370653,11.52463574,11.57551033,11.78670343,11.75687263,11.67795105,11.77515389,12.01384685,11.90690478,11.90550263,12.01431495,12.07419409,11.9973918,11.85394662,11.85401378,11.55994223,10.77413911,11.08820043,10.83267656,10.59735161,10.53965005,10.35426512
French Polynesia,PYF,CO2 emissions (metric tons per capita),EN.ATM.CO2E.PC,2.19973787,2.141939252,2.018702562,2.041671266,2.079790527,1.993712708,1.973276542,2.015996889,1.95893614,2.12509444,2.395641032,2.811731939,2.888627217,3.09888571,3.029435011,3.222648557,3.200048869,3.137988595,3.204700983,3.1895241,3.203935479,3.084790045,2.996190694,3.003012489,2.915134817
Qatar,QAT,CO2 emissions (metric tons per capita),EN.ATM.CO2E.PC,24.71373821,36.31713406,54.08916949,61.25240945,59.60108855,61.91238375,61.83934261,70.13564144,58.86599931,55.15501004,58.6393586,67.10601797,63.35447194,60.29957188,56.59083356,58.91873279,62.82353605,53.19098579,46.6721376,43.51447655,40.74201765,41.20564544,44.61792936,37.78008534,45.42323996
Romania,ROU,CO2 emissions (metric tons per capita),EN.ATM.CO2E.PC,7.503163349,6.099190193,5.643769903,5.504379114,5.241518875,5.556690076,5.544352572,4.993556835,4.435459288,3.993517767,4.040518655,4.366207979,4.47471788,4.684388286,4.517307494,4.524305495,4.876469678,4.895132266,4.692067363,4.005210952,3.922213561,4.212926221,4.074315455,3.550167079,3.516153691
Russian Federation,RUS,CO2 emissions (metric tons per capita),EN.ATM.CO2E.PC,,,13.97997354,13.05174975,11.44953608,10.99555846,10.88665067,10.31678925,10.12729917,10.40068271,10.62712053,10.6696034,10.71590102,11.09064748,11.12062698,11.25352867,11.66912207,11.67245657,12.01450651,11.02385623,11.69434812,12.334881,12.78497902,12.39355647,11.85752777
Rwanda,RWA,CO2 emissions (metric tons per capita),EN.ATM.CO2E.PC,0.075004305,0.069161609,0.072772582,0.078579706,0.078773608,0.077941282,0.078554996,0.076461636,0.069082708,0.067127217,0.06579461,0.063835885,0.06228939,0.059987701,0.059879992,0.05872593,0.0573555,0.058998654,0.055903024,0.057702041,0.057616483,0.063115492,0.068317457,0.072576777,0.074016446
South Asia,SAS,CO2 emissions (metric tons per capita),EN.ATM.CO2E.PC,0.627198431,0.647886489,0.674397482,0.684543836,0.711042949,0.737213459,0.787653576,0.801044302,0.800832072,0.833723497,0.851780145,0.847860958,0.847135005,0.868247088,0.900901767,0.936217114,0.982909015,1.043874776,1.134882976,1.229591391,1.207519099,1.270878874,1.362315313,1.35522147,1.461473405
Saudi Arabia,SAU,CO2 emissions (metric tons per capita),EN.ATM.CO2E.PC,11.38024918,15.87447958,16.43002278,17.57125341,16.81833217,12.55140044,13.52480459,11.08602602,10.445416,11.15870314,14.30027275,13.95135698,14.90013762,14.50905522,17.04060396,16.63381165,17.60654664,15.35597887,16.58299927,17.58961186,18.9053425,17.70230724,19.41950578,18.06835808,19.5292718
Sudan,SDN,CO2 emissions (metric tons per capita),EN.ATM.CO2E.PC,0.202623461,0.184177591,0.15971432,0.106719319,0.141884602,0.142569611,0.1427799,0.169602368,0.142910349,0.150670884,0.159133714,0.178055693,0.220598608,0.239590405,0.29422066,0.273950845,0.291193188,0.332724015,0.341440489,0.346451108,0.345245386,0.330142237,0.300706838,0.309687395,0.299732598
Senegal,SEN,CO2 emissions (metric tons per capita),EN.ATM.CO2E.PC,0.421270162,0.439683,0.433387569,0.434427726,0.458365684,0.399543663,0.416793839,0.354876319,0.364037156,0.383580706,0.398455815,0.427325303,0.433824209,0.46632215,0.477622832,0.516581423,0.409321364,0.436387428,0.417361598,0.365212359,0.599610304,0.629136954,0.577471339,0.596523237,0.608809117
Singapore,SGP,CO2 emissions (metric tons per capita),EN.ATM.CO2E.PC,14.60237955,14.4395268,14.98945491,15.44834797,18.0408719,11.96597963,13.53932406,15.39235856,12.37953887,12.64782052,12.16662434,11.97221516,11.3102312,7.566013727,6.833825574,7.116921432,6.997632098,4.342606098,7.466761968,11.21442253,10.96040878,8.72379742,6.846758465,10.31198193,10.30633191
Solomon Islands,SLB,CO2 emissions (metric tons per capita),EN.ATM.CO2E.PC,0.47036942,0.457298918,0.433434459,0.421300551,0.399014962,0.398115387,0.38707713,0.376402498,0.36609641,0.374427825,0.364381291,0.372018129,0.362266865,0.361144126,0.352039169,0.343377635,0.342765806,0.364512922,0.370714621,0.376591568,0.375183312,0.36696231,0.359033309,0.357906561,0.350449345
Sierra Leone,SLE,CO2 emissions (metric tons per capita),EN.ATM.CO2E.PC,0.113099067,0.125974843,0.103287857,0.103864162,0.119847204,0.093501737,0.110463414,0.103056936,0.095177927,0.082630978,0.093195513,0.11993403,0.122795133,0.125535119,0.117970769,0.096561754,0.125395559,0.106680052,0.107654007,0.103438844,0.112416392,0.135882766,0.152292538,0.172170095,0.184925702
El Salvador,SLV,CO2 emissions (metric tons per capita),EN.ATM.CO2E.PC,0.478002407,0.595487001,0.614524369,0.693340336,0.828637795,0.895981815,0.805561075,0.955842385,1.005795242,0.978254947,0.978678941,1.007096558,1.016707229,1.097360896,1.060848307,1.070486275,1.13040764,1.14709126,1.071239371,1.049801084,1.047522915,1.073590082,1.070997514,0.996713369,1.000644623
San Marino,SMR,CO2 emissions (metric tons per capita),EN.ATM.CO2E.PC,,,,,,,,,,,,,,,,,,,,,,,,,
Somalia,SOM,CO2 emissions (metric tons per capita),EN.ATM.CO2E.PC,0.099143652,0.094921818,0.091080723,0.085337916,0.083165589,0.076624935,0.072016851,0.066242784,0.060954325,0.056349195,0.053307232,0.054072605,0.061345646,0.060393455,0.058722876,0.057066117,0.055424186,0.055144875,0.052895892,0.051052401,0.050807075,0.048776172,0.047691373,0.046352865,0.045046723
Serbia,SRB,CO2 emissions (metric tons per capita),EN.ATM.CO2E.PC,,,,,,,,,,,,,,,,,7.286928854,7.106397561,7.087822517,6.308347973,6.302577983,6.803677141,6.120600182,6.265110693,5.282521917
Sub-Saharan Africa (excluding high income),SSA,CO2 emissions (metric tons per capita),EN.ATM.CO2E.PC,0.856620723,0.860915148,0.807902026,0.823738498,0.815983511,0.852174795,0.846761037,0.859501648,0.816347176,0.801316258,0.841008012,0.831667032,0.806905863,0.861283167,0.925355557,0.864804848,0.883480084,0.891007098,0.907807517,0.870710978,0.850298545,0.839824281,0.827566132,0.822666074,0.840028002
South Sudan,SSD,CO2 emissions (metric tons per capita),EN.ATM.CO2E.PC,,,,,,,,,,,,,,,,,,,,,,,0.123043932,0.12958768,0.129749351
Sub-Saharan Africa,SSF,CO2 emissions (metric tons per capita),EN.ATM.CO2E.PC,0.856793974,0.861123585,0.808111447,0.823957693,0.816227314,0.852399185,0.847039846,0.859943341,0.816926298,0.801999187,0.84176086,0.832492553,0.807573662,0.861943006,0.926243776,0.865613083,0.884318999,0.891707614,0.908547465,0.871235104,0.850715337,0.840118001,0.827960049,0.82300949,0.840453498
Small states,SST,CO2 emissions (metric tons per capita),EN.ATM.CO2E.PC,4.197963439,4.416594018,4.894598351,4.970443885,4.829003532,4.799455814,5.005123133,5.170773029,4.969528896,4.906342952,5.086231939,5.332641162,5.358336507,5.604953579,5.657000096,6.008649108,6.434697693,6.784766227,6.794580705,6.495612725,6.760790365,6.889462975,7.000805122,6.809865439,7.384025519
Sao Tome and Principe,STP,CO2 emissions (metric tons per capita),EN.ATM.CO2E.PC,0.418559525,0.409917967,0.401217008,0.39265446,0.384527276,0.376982935,0.370056124,0.363603774,0.357305611,0.350816125,0.34393172,0.362500177,0.404944475,0.444868304,0.482598425,0.494808199,0.529354539,0.517109031,0.505299168,0.536698026,0.566490823,0.574250559,0.621562806,0.607752145,0.59433982
Suriname,SUR,CO2 emissions (metric tons per capita),EN.ATM.CO2E.PC,4.346706031,4.945666834,4.892074283,4.749613407,4.681951414,4.6527143,4.63634687,4.624424832,4.568257648,4.554274812,4.64982959,4.958517185,3.241545284,3.161388154,3.164601017,3.197029338,3.461169486,3.460485967,3.772721626,3.845772052,4.565427302,3.704326087,4.205862474,3.534930143,3.634019433
Slovak Republic,SVK,CO2 emissions (metric tons per capita),EN.ATM.CO2E.PC,,,8.328661591,8.05247737,7.560575842,7.854439175,7.688376418,7.625149374,7.509487589,7.272131497,6.659329488,7.317137791,7.300020532,7.349868072,7.212801455,7.325390806,7.277962961,6.843273815,7.010558568,6.319073237,6.721959562,6.395396289,6.059022901,6.11280356,5.661581328
Slovenia,SVN,CO2 emissions (metric tons per capita),EN.ATM.CO2E.PC,,,6.250344854,6.609542582,6.705668873,7.238644496,7.519770415,7.985964946,7.666612166,7.683327912,7.23840366,7.611741112,7.731011817,7.772287175,7.884828934,7.931674693,8.094608116,8.049468764,8.58644121,7.491602314,7.485854369,7.350637628,7.185481044,6.869551393,6.213686845
Sweden,SWE,CO2 emissions (metric tons per capita),EN.ATM.CO2E.PC,6.069368319,5.979200975,5.886699422,5.936305085,6.251746293,6.248524772,6.324031405,5.89509852,5.985459792,5.769666514,5.562430083,5.747026066,6.434228598,6.115194532,6.062241404,5.710313512,5.459003216,5.253521937,5.328098275,4.63141136,5.547348052,5.474957121,4.942300828,4.671420785,4.478182178
Eswatini,SWZ,CO2 emissions (metric tons per capita),EN.ATM.CO2E.PC,0.493830199,0.368512335,0.291406283,0.142866264,0.513970443,0.473263724,0.347365558,1.19799003,1.183008141,1.185359243,1.11930647,1.066339089,1.041481872,0.957730055,0.940983678,0.921829179,0.906511654,0.934116514,0.946100473,0.885167383,0.862756819,0.855951971,0.96657875,0.85657624,0.928714992
Sint Maarten (Dutch part),SXM,CO2 emissions (metric tons per capita),EN.ATM.CO2E.PC,,,,,,,,,,,,,,,,,,,,,,,20.11345266,19.53355916,19.46132413
Seychelles,SYC,CO2 emissions (metric tons per capita),EN.ATM.CO2E.PC,2.163048326,2.446783742,2.435580741,2.537610895,2.717943535,2.62958143,3.07114909,4.410701121,5.487989245,6.338925507,7.050966955,7.812504618,6.43848166,6.644640678,8.936853592,8.320210481,8.669030733,7.546775958,7.970272322,6.006792825,4.942709146,3.900126943,4.983296151,4.484430066,5.418677963
Syrian Arab Republic,SYR,CO2 emissions (metric tons per capita),EN.ATM.CO2E.PC,3.001677865,3.318699899,3.254590988,3.366601945,3.344008619,2.904358665,2.900986873,2.698765195,3.222272358,3.269967106,3.11019717,2.909210224,2.286094179,3.116533908,2.869902336,2.767295899,2.832792448,3.385559965,3.329906217,2.993132594,2.930971337,2.727578225,2.190427547,1.839503237,1.598898459
Turks and Caicos Islands,TCA,CO2 emissions (metric tons per capita),EN.ATM.CO2E.PC,2.539473684,2.40340816,2.544956817,2.925302778,3.014592039,3.10924863,2.985782287,3.327988867,3.428104002,3.694917152,3.691675939,3.633391132,4.553812897,4.385988894,4.102445261,4.575431034,5.173757326,5.761696927,6.094874665,5.940915854,6.15228754,6.009391447,6.105824674,5.980971366,6.086487448
Chad,TCD,CO2 emissions (metric tons per capita),EN.ATM.CO2E.PC,0.024008122,0.010732542,0.013283953,0.013984221,0.015161545,0.015714093,0.017218021,0.019085574,0.019376466,0.020063553,0.021098562,0.019894813,0.018738928,0.040774062,0.038897974,0.039704246,0.039057066,0.042878111,0.045780435,0.042718173,0.043496106,0.043865596,0.048200118,0.053328683,0.053777688
East Asia & Pacific (IDA & IBRD countries),TEA,CO2 emissions (metric tons per capita),EN.ATM.CO2E.PC,1.781513189,1.865720544,1.943447772,2.061168324,2.15837655,2.322655339,2.412416567,2.416495856,2.252604772,2.244504581,2.302168263,2.359364593,2.556250537,2.942102157,3.325867924,3.668074075,3.975558699,4.241170648,4.522849602,4.749791487,5.136588056,5.688487869,5.821253522,5.845317569,5.827867179
Europe & Central Asia (IDA & IBRD countries),TEC,CO2 emissions (metric tons per capita),EN.ATM.CO2E.PC,,,9.570874365,8.828165432,7.781138126,7.585213181,7.456679321,7.016203039,6.865748952,6.865585398,6.918291567,6.929779074,6.959978524,7.253364089,7.326217807,7.359349393,7.642256131,7.721192584,7.827820239,7.121116128,7.587855574,7.887470415,7.949928667,7.715040582,7.395836105
Togo,TGO,CO2 emissions (metric tons per capita),EN.ATM.CO2E.PC,0.204317206,0.217246555,0.210422147,0.212897357,0.199923288,0.223073151,0.240951717,0.217534878,0.249219976,0.318393544,0.273713591,0.227404402,0.234622216,0.271382707,0.252435136,0.235507986,0.209173434,0.234790329,0.273159481,0.439659634,0.40600638,0.368935463,0.362450984,0.377480424,0.362696892
Thailand,THA,CO2 emissions (metric tons per capita),EN.ATM.CO2E.PC,1.604831986,1.74267418,1.89804645,2.140830829,2.362564465,2.708838463,2.996685634,3.054653145,2.668098299,2.826760983,2.879232989,3.062483198,3.251318602,3.478810022,3.741227066,3.782433584,3.829104127,3.813655648,3.793534164,4.001129215,4.19478194,4.12138946,4.371765415,4.403807563,4.621860032
Tajikistan,TJK,CO2 emissions (metric tons per capita),EN.ATM.CO2E.PC,,,1.329401582,0.925580709,0.415132173,0.424922529,0.4833298,0.362727791,0.414705271,0.411982987,0.359844954,0.362230081,0.291759,0.315578655,0.381840267,0.356311539,0.37976621,0.452197973,0.397314921,0.328286153,0.33303078,0.300737249,0.366926485,0.425539775,0.620466725
Turkmenistan,TKM,CO2 emissions (metric tons per capita),EN.ATM.CO2E.PC,,,8.469230428,7.060100644,8.149187905,8.080255903,7.15379685,7.031530518,7.271723405,8.436478143,8.312221014,8.342198428,8.669547866,9.579940336,9.89530633,10.16657073,10.29329588,11.50743008,11.51416255,10.05213231,11.26148537,12.07317521,12.31489744,12.43613272,12.51729534
Latin America & the Caribbean (IDA & IBRD countries),TLA,CO2 emissions (metric tons per capita),EN.ATM.CO2E.PC,2.230963695,2.240113085,2.241463806,2.287907732,2.327530946,2.325172009,2.397799569,2.498165149,2.615098933,2.621625712,2.565223005,2.591077543,2.585684268,2.616114979,2.599824061,2.703239944,2.747692893,2.762456276,2.862068646,2.765484547,2.864983989,2.894576438,2.992217172,3.005565912,3.032804906
Timor-Leste,TLS,CO2 emissions (metric tons per capita),EN.ATM.CO2E.PC,,,,,,,,,,,,,0.174652126,0.167921803,0.17659913,0.171474665,0.171351709,0.172163989,0.187072748,0.20819563,0.211508565,0.217131247,0.253604896,0.371540554,0.387014002
Middle East & North Africa (IDA & IBRD countries),TMN,CO2 emissions (metric tons per capita),EN.ATM.CO2E.PC,2.436891234,2.524539494,2.545873998,2.635233231,2.751217362,2.812542464,2.789188845,2.708353605,2.984813184,3.171555245,3.13484538,3.171568047,3.129387227,3.293019934,3.432213544,3.579956619,3.636029456,3.588850456,3.770654534,3.844012373,3.856528774,3.86025027,3.966159669,3.953796939,3.967544488
Tonga,TON,CO2 emissions (metric tons per capita),EN.ATM.CO2E.PC,0.809296607,1.000094406,0.729590768,0.881822174,0.956612023,0.992360215,0.799084768,1.023613337,0.906037988,1.127255587,0.972064191,0.892476499,1.035207291,1.175921194,1.095651654,1.125058145,1.262132581,1.110593316,1.174807048,1.274197907,1.126823319,0.981822007,1.013263332,1.079266672,1.143965892
South Asia (IDA & IBRD),TSA,CO2 emissions (metric tons per capita),EN.ATM.CO2E.PC,0.627198431,0.647886489,0.674397482,0.684543836,0.711042949,0.737213459,0.787653576,0.801044302,0.800832072,0.833723497,0.851780145,0.847860958,0.847135005,0.868247088,0.900901767,0.936217114,0.982909015,1.043874776,1.134882976,1.229591391,1.207519099,1.270878874,1.362315313,1.35522147,1.461473405
Sub-Saharan Africa (IDA & IBRD countries),TSS,CO2 emissions (metric tons per capita),EN.ATM.CO2E.PC,0.856793974,0.861123585,0.808111447,0.823957693,0.816227314,0.852399185,0.847039846,0.859943341,0.816926298,0.801999187,0.84176086,0.832492553,0.807573662,0.861943006,0.926243776,0.865613083,0.884318999,0.891707614,0.908547465,0.871235104,0.850715337,0.840118001,0.827960049,0.82300949,0.840453498
Trinidad and Tobago,TTO,CO2 emissions (metric tons per capita),EN.ATM.CO2E.PC,13.93393977,13.83428178,15.47712501,14.44219375,13.94865306,13.56350632,16.36267805,14.59030141,15.14674759,17.82508035,18.80084212,20.71293874,22.39795451,24.9111726,25.90556552,29.41666114,32.74891033,34.73295373,33.74358584,33.96978628,36.09293276,35.16208791,33.85500019,34.52003192,34.16324263
Tunisia,TUN,CO2 emissions (metric tons per capita),EN.ATM.CO2E.PC,1.611506515,1.840103287,1.746286887,1.878396173,1.779744113,1.726480158,1.810514586,1.805725973,1.894994681,1.908769832,2.054068084,2.127344684,2.114849306,2.137553953,2.225984744,2.243217063,2.25498071,2.341262508,2.385393342,2.355950493,2.59965793,2.417981861,2.480445624,2.511904245,2.587059584
Turkey,TUR,CO2 emissions (metric tons per capita),EN.ATM.CO2E.PC,2.705007348,2.710036542,2.746391761,2.808937766,2.724762548,2.94042755,3.167198715,3.288501392,3.271083925,3.159089218,3.417945943,3.030818158,3.157446333,3.306668817,3.364105462,3.496004,3.804564085,4.090076579,4.031511712,3.894702792,4.120214807,4.370560958,4.419487888,4.285300843,4.491479026
Tuvalu,TUV,CO2 emissions (metric tons per capita),EN.ATM.CO2E.PC,0.81461735,0.810118193,0.805137776,0.801004806,0.798041349,0.794582882,0.792350908,0.790557292,0.788093703,0.784804708,0.778556263,0.771026072,1.141774779,1.126343811,1.111885992,1.097137728,0.723488212,1.074001757,1.063926499,1.053634709,0.696420093,0.690063982,1.025734266,1.016822257,1.008525853
Tanzania,TZA,CO2 emissions (metric tons per capita),EN.ATM.CO2E.PC,0.089011832,0.091134973,0.085411849,0.092230834,0.082748576,0.118599164,0.112347929,0.091109187,0.078760064,0.076222488,0.077571471,0.089072224,0.099429793,0.102461402,0.114084492,0.139662291,0.148358699,0.140649177,0.141950648,0.132511808,0.154161892,0.170126457,0.194470623,0.220730008,0.221347372
Uganda,UGA,CO2 emissions (metric tons per capita),EN.ATM.CO2E.PC,0.043527327,0.043295567,0.042267179,0.040521603,0.035550734,0.045680716,0.049983827,0.050646551,0.05609821,0.056408125,0.059491397,0.060784975,0.060598495,0.060049683,0.063048843,0.076053411,0.085871646,0.094460608,0.100754816,0.103166875,0.1155833,0.121524015,0.112110416,0.129674909,0.134656001
Ukraine,UKR,CO2 emissions (metric tons per capita),EN.ATM.CO2E.PC,,,12.09829595,10.33620528,8.508441828,8.657036837,8.075959979,6.743789914,6.553863668,6.694721194,6.525618775,6.609491317,6.611440672,7.371051211,7.236767886,7.087901917,6.976804954,6.907396814,6.723649839,5.647810472,6.641349685,6.265962311,6.487602806,5.976641848,5.020747064
Upper middle income,UMC,CO2 emissions (metric tons per capita),EN.ATM.CO2E.PC,3.44517076,3.507062379,3.55886454,3.563795027,3.51675265,3.604797671,3.640847078,3.585304716,3.507479526,3.504224158,3.539215237,3.589569731,3.738370796,4.102591946,4.429799694,4.732263242,5.041364951,5.24886185,5.527811873,5.599057635,5.982705529,6.403580886,6.555613877,6.605490361,6.588135175
Uruguay,URY,CO2 emissions (metric tons per capita),EN.ATM.CO2E.PC,1.284044091,1.454131958,1.638893071,1.405345554,1.270206806,1.423678462,1.675421601,1.698406608,1.72760589,2.032224767,1.597638536,1.529798146,1.38844206,1.382717957,1.687830315,1.736680346,1.99585265,1.797408542,2.466682225,2.396863881,1.893043387,2.292941862,2.559619604,2.226235877,1.973150822
United States,USA,CO2 emissions (metric tons per capita),EN.ATM.CO2E.PC,19.32275118,19.05616319,19.13943728,19.34708291,19.36089205,19.27654526,19.49602474,19.69036318,19.5792362,19.72716951,20.17875051,19.63650507,19.61340408,19.56410453,19.65837118,19.59188523,19.09406652,19.21789784,18.46176387,17.15773779,17.44216612,16.97345609,16.3042868,16.31435182,16.49060839
Uzbekistan,UZB,CO2 emissions (metric tons per capita),EN.ATM.CO2E.PC,,,5.212682643,5.297279145,4.856066988,4.53961242,4.571395091,4.530953691,4.953827159,5.060750052,4.942262235,4.945160899,5.078720671,4.972777084,4.879862552,4.480783353,4.541206044,4.473745459,4.538017932,3.858171993,3.647048882,3.874800916,3.889733195,3.417442433,3.420722746
St. Vincent and the Grenadines,VCT,CO2 emissions (metric tons per capita),EN.ATM.CO2E.PC,0.750420911,0.714257889,0.780913493,0.949894534,1.119135477,1.187038716,1.22148508,1.222288063,1.495042716,1.52961624,1.359432056,1.663916361,1.72930113,1.827577296,2.026732007,2.023284043,2.020255815,2.084917513,2.082663857,2.852965136,2.012715547,1.811013252,2.314347651,1.911992316,1.91134541
"Venezuela, RB",VEN,CO2 emissions (metric tons per capita),EN.ATM.CO2E.PC,6.150574395,5.677767974,5.095064708,5.850039149,5.981943678,6.009845251,5.421792935,5.797813976,7.099862305,7.204834895,6.224289682,6.917751409,7.60829582,7.426134418,5.763354322,6.163929271,6.223186002,5.806267233,6.364740177,6.289128331,6.513376914,6.00145924,6.649233468,6.066461313,6.025697582
British Virgin Islands,VGB,CO2 emissions (metric tons per capita),EN.ATM.CO2E.PC,4.009841443,3.897838668,4.017124077,4.142800655,4.468978507,4.577033701,5.062496681,5.137986508,5.206165703,5.085991678,4.973407605,5.04353806,5.280180222,5.5005,5.531165432,5.698031768,5.982555951,6.079293195,6.301671614,6.239460052,6.330774317,6.30859109,6.1740503,6.057819383,6.072833581
Virgin Islands (U.S.),VIR,CO2 emissions (metric tons per capita),EN.ATM.CO2E.PC,,,,,,,,,,,,,,,,,,,,,,,,,
Vietnam,VNM,CO2 emissions (metric tons per capita),EN.ATM.CO2E.PC,0.313855299,0.307904008,0.30194691,0.317070323,0.35481937,0.386844505,0.453929341,0.582291686,0.605628611,0.600732795,0.668171732,0.753511856,0.863947417,0.951895898,1.084062591,1.164096013,1.207428585,1.221015643,1.360812495,1.469012678,1.613359582,1.701422283,1.572337982,1.609111593,1.80356575
Vanuatu,VUT,CO2 emissions (metric tons per capita),EN.ATM.CO2E.PC,0.450141168,0.437769436,0.401557558,0.390072209,0.379634366,0.392344043,0.490922637,0.481951325,0.453026202,0.465085886,0.455742099,0.464937398,0.434846048,0.423900806,0.287406377,0.28023117,0.222103674,0.450137075,0.423102867,0.52434517,0.512118327,0.545795073,0.459328848,0.42009228,0.594993239
World,WLD,CO2 emissions (metric tons per capita),EN.ATM.CO2E.PC,4.188534433,4.167793936,4.063080139,3.996876792,4.006489125,4.031913406,4.066422743,4.077774792,4.045213948,3.982110131,4.03319023,4.075994857,4.083572204,4.252864824,4.4090607,4.522801036,4.630496194,4.665488103,4.756160353,4.656044405,4.828069362,4.967580989,4.99621142,4.987739047,4.96997395
Samoa,WSM,CO2 emissions (metric tons per capita),EN.ATM.CO2E.PC,0.63043238,0.648132573,0.664431962,0.657927001,0.673489822,0.689621937,0.727906447,0.74533386,0.76315896,0.78086386,0.819042437,0.835469282,0.830662242,0.866893314,0.840956254,0.896731489,0.911211857,0.945486763,0.979060188,1.011854393,1.004360785,1.074707591,1.046639957,1.038064134,1.029788341
Kosovo,XKX,CO2 emissions (metric tons per capita),EN.ATM.CO2E.PC,,,,,,,,,,,,,,,,,,,,,,,,,
"Yemen, Rep.",YEM,CO2 emissions (metric tons per capita),EN.ATM.CO2E.PC,0.795928337,0.727224586,0.746851976,0.62105369,0.616961664,0.683105218,0.669498798,0.814121424,0.722061871,0.799527256,0.819163987,0.881349702,0.833251432,0.889142767,0.943264168,0.973808147,1.007359786,0.964139106,0.999238383,1.069059495,0.992601744,0.810900295,0.749446818,0.99688497,0.864834535
South Africa,ZAF,CO2 emissions (metric tons per capita),EN.ATM.CO2E.PC,8.341332103,8.491906507,7.664787409,7.966457429,8.228462083,8.6071527,8.494483982,8.844657689,8.512704309,8.327718097,8.280764795,8.020756082,7.58381406,8.48835057,9.330795766,8.539756118,9.073199769,9.352664746,9.854218952,9.870596936,9.190698716,9.004033387,8.845033039,8.673962823,8.980119297
Zambia,ZMB,CO2 emissions (metric tons per capita),EN.ATM.CO2E.PC,0.304698133,0.293280534,0.290677954,0.288481432,0.272053771,0.237588454,0.199074886,0.247335096,0.232545217,0.176550927,0.173056761,0.176165741,0.178396946,0.18492339,0.182853857,0.18985881,0.185075705,0.151567338,0.165936264,0.186396423,0.194337299,0.205910778,0.249456851,0.26111253,0.288271141
Zimbabwe,ZWE,CO2 emissions (metric tons per capita),EN.ATM.CO2E.PC,1.536212158,1.52782259,1.592382589,1.500322765,1.600794661,1.336535297,1.301790409,1.230371195,1.198461534,1.312450366,1.139200872,1.01859752,0.957193478,0.843469121,0.74243951,0.832299256,0.796027923,0.741657876,0.573101063,0.405715639,0.552146242,0.66475077,0.529703431,0.775563675,0.779955845