Country Name,Country Code,Indicator Name,Indicator Code,1991,1992,1993,1994,1995,1996,1997,1998,1999,2000,2001,2002,2003,2004,2005,2006,2007,2008,2009,2010,2011,2012,2013,2014,2015,2016
Aruba,ABW,"Unemployment, total (% of total labor force) (modeled ILO estimate)",SL.UEM.TOTL.ZS,,,,,,,,,,,,,,,,,,,,,,,,,,
Afghanistan,AFG,"Unemployment, total (% of total labor force) (modeled ILO estimate)",SL.UEM.TOTL.ZS,12.03100014,10.64500046,12.36800003,12.29899979,8.701999664,11.13799953,11.10900021,11.01299953,11.06900024,11.18400002,11.58399963,8.690999985,8.852999687,10.0010004,8.470000267,9.05700016,7.802000046,8.755000114,6.704999924,7.821000099,8.229999542,7.93599987,8.451999664,8.706000328,8.86400032,8.840999603
Angola,AGO,"Unemployment, total (% of total labor force) (modeled ILO estimate)",SL.UEM.TOTL.ZS,23.64999962,23.64299965,23.63599968,23.76199913,23.91699982,23.95400047,23.88899994,23.84399986,23.77499962,23.73399925,23.72500038,23.79000092,23.62800026,23.63999939,21.3579998,19.08499908,16.80400085,14.4989996,12.13700008,9.862999916,7.360000134,7.347000122,7.330999851,7.306000233,7.281000137,7.723999977
Albania,ALB,"Unemployment, total (% of total labor force) (modeled ILO estimate)",SL.UEM.TOTL.ZS,22.3239994,22.64699936,24.82600021,24.58300018,23.86100006,23.39800072,23.19499969,23.03300095,23.29000092,22.72999954,22.68000031,21.48800087,20.15299988,18.81800079,17.46299934,16.04000092,13.5,13.05000019,13.76000023,14.19999981,13.97999954,13.43999958,15.64000034,17.48999977,17.07999992,15.22000027
Andorra,AND,"Unemployment, total (% of total labor force) (modeled ILO estimate)",SL.UEM.TOTL.ZS,,,,,,,,,,,,,,,,,,,,,,,,,,
Arab World,ARB,"Unemployment, total (% of total labor force) (modeled ILO estimate)",SL.UEM.TOTL.ZS,12.10556246,12.09408069,12.70382317,13.31421445,14.04630095,12.56252712,11.92449774,12.16811038,11.68703309,12.2301353,12.12254558,12.18358239,12.03429767,11.05098129,10.95738643,10.15779428,9.747867709,9.455999722,9.237618279,9.9591374,10.29411822,10.43149851,10.29386542,10.28909079,10.26685497,10.01985079
United Arab Emirates,ARE,"Unemployment, total (% of total labor force) (modeled ILO estimate)",SL.UEM.TOTL.ZS,1.89199996,1.902999997,1.909999967,1.838000059,1.799999952,1.927000046,2.023000002,2.163000107,2.226000071,2.25,2.549000025,2.743999958,2.858999968,2.980999947,3.119999886,3.230999947,3.342000008,4.010000229,4.165999889,3.694999933,3.305000067,2.970999956,2.618000031,2.282000065,1.932999969,1.636000037
Argentina,ARG,"Unemployment, total (% of total labor force) (modeled ILO estimate)",SL.UEM.TOTL.ZS,5.440000057,6.360000134,10.10000038,11.76000023,18.79999924,17.11000061,14.81999969,12.64999962,14.05000019,15,17.31999969,19.59000015,15.35999966,13.52000046,11.51000023,10.07999992,8.470000267,7.840000153,8.649999619,7.710000038,7.179999828,7.21999979,7.099999905,7.269999981,7.151000023,8.696000099
Armenia,ARM,"Unemployment, total (% of total labor force) (modeled ILO estimate)",SL.UEM.TOTL.ZS,1.978999972,1.799999952,5.300000191,6.599999905,6.699999809,9.300000191,10.80000019,9.399999619,11.19999981,11.94299984,12.73900032,13.72599983,14.52900028,15.32299995,16.06599998,16.82799911,17.51799965,17.98500061,18.73999977,19.01000023,18.44000053,17.30999947,16.18000031,17.5,18.26000023,18.04000092
American Samoa,ASM,"Unemployment, total (% of total labor force) (modeled ILO estimate)",SL.UEM.TOTL.ZS,,,,,,,,,,,,,,,,,,,,,,,,,,
Antigua and Barbuda,ATG,"Unemployment, total (% of total labor force) (modeled ILO estimate)",SL.UEM.TOTL.ZS,,,,,,,,,,,,,,,,,,,,,,,,,,
Australia,AUS,"Unemployment, total (% of total labor force) (modeled ILO estimate)",SL.UEM.TOTL.ZS,9.579999924,10.72999954,10.86999989,9.720000267,8.470000267,8.510000229,8.359999657,7.679999828,6.869999886,6.28000021,6.739999771,6.369999886,5.929999828,5.389999866,5.03000021,4.78000021,4.380000114,4.230000019,5.559999943,5.210000038,5.079999924,5.21999979,5.659999847,6.070000172,6.059999943,5.71999979
Austria,AUT,"Unemployment, total (% of total labor force) (modeled ILO estimate)",SL.UEM.TOTL.ZS,3.420000076,3.589999914,4.25,3.529999971,4.349999905,5.28000021,5.150000095,5.519999981,4.699999809,4.690000057,4.010000229,4.849999905,4.78000021,5.829999924,5.630000114,5.239999771,4.860000134,4.130000114,5.300000191,4.820000172,4.559999943,4.869999886,5.329999924,5.619999886,5.71999979,6.010000229
Azerbaijan,AZE,"Unemployment, total (% of total labor force) (modeled ILO estimate)",SL.UEM.TOTL.ZS,9.126999855,7.781000137,7.790999889,8.404000282,8.390000343,11.54199982,12.0710001,11.92500019,12.27700043,11.80000019,10.89999962,10,9.25,8,7.300000191,6.619999886,6.539999962,6.050000191,5.739999771,5.630000114,5.420000076,5.190000057,4.96999979,4.909999847,4.960000038,5
Burundi,BDI,"Unemployment, total (% of total labor force) (modeled ILO estimate)",SL.UEM.TOTL.ZS,1.639999986,1.633000016,1.629999995,1.633999944,1.643000007,1.649000049,1.659999967,1.672999978,1.684000015,1.697000027,1.700999975,1.700999975,1.697000027,1.68900001,1.677999973,1.664999962,1.649000049,1.633999944,1.603999972,1.574000001,1.544999957,1.514999986,1.485999942,1.570000052,1.57099998,1.590999961
Belgium,BEL,"Unemployment, total (% of total labor force) (modeled ILO estimate)",SL.UEM.TOTL.ZS,6.989999771,6.699999809,8.079999924,9.649999619,9.340000153,9.479999542,8.960000038,9.319999695,8.649999619,6.590000153,6.179999828,6.909999847,7.679999828,7.360000134,8.43999958,8.25,7.460000038,6.980000019,7.909999847,8.289999962,7.139999866,7.539999962,8.430000305,8.520000458,8.479999542,7.829999924
Benin,BEN,"Unemployment, total (% of total labor force) (modeled ILO estimate)",SL.UEM.TOTL.ZS,1.506999969,1.50999999,1.417999983,1.332000017,1.241999984,1.156000018,1.069000006,0.986000001,0.90200001,0.819999993,0.74000001,0.689999998,0.751999974,0.81099999,0.866999984,0.921999991,0.975000024,1.024999976,1.072000027,1.039999962,2.650000095,2.644000053,2.637000084,2.631000042,2.627000093,2.54399991
Burkina Faso,BFA,"Unemployment, total (% of total labor force) (modeled ILO estimate)",SL.UEM.TOTL.ZS,2.608999968,2.599999905,2.601000071,2.599999905,2.578999996,2.555999994,2.526000023,2.5,2.555000067,2.602999926,2.65899992,2.707000017,2.779999971,3.375,4,2.329999924,3.299999952,3.749000072,4.190999985,4.65199995,5.097000122,5.548999786,6.002999783,6.5,6.493999958,6.390999794
Bangladesh,BGD,"Unemployment, total (% of total labor force) (modeled ILO estimate)",SL.UEM.TOTL.ZS,2.200000048,2.298000097,2.417000055,2.515000105,2.607000113,2.50999999,2.713999987,2.938999891,3.128999949,3.269999981,3.407999992,3.558000088,4.320000172,4.361999989,4.25,3.589999914,3.910000086,4.238999844,5,3.380000114,3.650000095,3.914000034,4.429999828,4.428999901,4.427000046,4.349999905
Bulgaria,BGR,"Unemployment, total (% of total labor force) (modeled ILO estimate)",SL.UEM.TOTL.ZS,21.24399948,21.48600006,21.38999939,20.17000008,15.90999985,13.75,13.69999981,12.19999981,14.10000038,16.21999931,19.92000008,18.11000061,13.72999954,12.03999996,10.07999992,8.949999809,6.880000114,5.610000134,6.820000172,10.27999973,11.26000023,12.27000046,12.93999958,11.42000008,9.140000343,7.570000172
Bahrain,BHR,"Unemployment, total (% of total labor force) (modeled ILO estimate)",SL.UEM.TOTL.ZS,1.279000044,1.274999976,1.282999992,1.299999952,1.300999999,1.30400002,1.315999985,1.315999985,1.317000031,1.31400001,1.355999947,1.353999972,1.33099997,1.307999969,1.274999976,1.271000028,1.243999958,1.207999945,1.175999999,1.129999995,1.230000019,1.200000048,1.207000017,1.213000059,1.208999991,1.215000033
"Bahamas, The",BHS,"Unemployment, total (% of total labor force) (modeled ILO estimate)",SL.UEM.TOTL.ZS,12.17000008,14.81000042,12.72000027,13.82999992,10.82999992,11.46000004,9.760000229,7.650000095,7.449999809,7.181000233,6.869999886,9.050000191,10.84000015,10.19999981,10.19999981,7.599999905,7.880000114,8.180000305,14.25,14.31799984,14.52000046,14.02000046,16.18000031,13.80000019,12,12.69999981
Bosnia and Herzegovina,BIH,"Unemployment, total (% of total labor force) (modeled ILO estimate)",SL.UEM.TOTL.ZS,17.54999924,18.48900032,20.35099983,24.1970005,26.42300034,26.07500076,26.1779995,26.34499931,26.99099922,26.0739994,26.42399979,27.71999931,28.23999977,29.5189991,30.06999969,31.10000038,28.93000031,23.29999924,24.03000069,27.20000076,27.60000038,28.04999924,27.45000076,27.52000046,27.69400024,25.05999947
Belarus,BLR,"Unemployment, total (% of total labor force) (modeled ILO estimate)",SL.UEM.TOTL.ZS,0.832000017,0.588999987,0.602999985,0.619000018,0.630999982,0.896000028,0.902999997,0.893999994,0.927999973,0.907999992,0.899999976,0.916999996,0.908999979,0.899999976,0.880999982,0.875,0.879000008,0.870999992,0.899999976,1.149999976,0.680000007,0.620000005,0.50999999,0.49000001,0.493000001,0.488000005
Belize,BLZ,"Unemployment, total (% of total labor force) (modeled ILO estimate)",SL.UEM.TOTL.ZS,3.799999952,6.784999847,9.770000458,11.10000038,12.47999954,13.81999969,12.68000031,14.31000042,12.84000015,10.95499992,9.069999695,10.03999996,10.28199959,10.52499962,11.01000023,9.390000343,8.510000229,8.180000305,9.902000427,11.41600037,12.93099976,14.27000046,11.68000031,11.56999969,9.970000267,7.909999847
Bermuda,BMU,"Unemployment, total (% of total labor force) (modeled ILO estimate)",SL.UEM.TOTL.ZS,,,,,,,,,,,,,,,,,,,,,,,,,,
Bolivia,BOL,"Unemployment, total (% of total labor force) (modeled ILO estimate)",SL.UEM.TOTL.ZS,5.900000095,5.519999981,5.989999771,3.140000105,3.690000057,5.230000019,2.079999924,3.105000019,4.130000114,4.46999979,5.400000095,5.400000095,4.849999905,4.300000191,5.079999924,4.460000038,4.909999847,2.599999905,2.859999895,2.539999962,2.220000029,2.049999952,2.390000105,2.00999999,3.069999933,3.059999943
Brazil,BRA,"Unemployment, total (% of total labor force) (modeled ILO estimate)",SL.UEM.TOTL.ZS,5.645999908,6.420000076,6.03000021,6.097000122,5.949999809,6.769999981,7.679999828,8.899999619,9.609999657,9.795000076,9.350000381,9.109999657,9.729999542,8.890000343,9.31000042,8.390000343,8.090000153,7.626999855,8.279999733,7.256999969,6.690000057,7.190000057,6.989999771,6.670000076,8.43999958,11.60999966
Barbados,BRB,"Unemployment, total (% of total labor force) (modeled ILO estimate)",SL.UEM.TOTL.ZS,22.96100044,22.94000053,24.54000092,22.97999954,19.65999985,14.71000004,14.60999966,12.39999962,10.60999966,9.350000381,9.850000381,10.31999969,11,9.75,9.06000042,8.720000267,7.449999809,8.069999695,10.02000046,10.68999958,11.14000034,11.57999992,11.55000019,12.17000008,11.35000038,9.720000267
Brunei Darussalam,BRN,"Unemployment, total (% of total labor force) (modeled ILO estimate)",SL.UEM.TOTL.ZS,4.699999809,4.861000061,4.907000065,5.032999992,5.125,5.238999844,5.302999973,5.428999901,5.561999798,5.606999874,5.71600008,5.789999962,5.836999893,5.855999947,5.890999794,5.992000103,5.967000008,5.985000134,6.043000221,6.164000034,6.111999989,5.993999958,5.881000042,6.96999979,6.835999966,6.934999943
Bhutan,BTN,"Unemployment, total (% of total labor force) (modeled ILO estimate)",SL.UEM.TOTL.ZS,1.411999941,1.444000006,1.432000041,1.432000041,1.381000042,1.383999944,1.396999955,1.399999976,1.399999976,1.718999982,1.899999976,1.871999979,1.799999952,2.49000001,3.099999905,3.130000114,3.700000048,3.779999971,3.960000038,3.319999933,3.230000019,2.049999952,2.869999886,2.630000114,2.450000048,2.441999912
Botswana,BWA,"Unemployment, total (% of total labor force) (modeled ILO estimate)",SL.UEM.TOTL.ZS,13.81999969,15.66499996,17.51000023,21.20000076,21.38999939,21.57999992,21.21999931,20.86000061,18.37000084,15.88000011,18.54000092,21.17000008,23.79999924,22.29999924,20.79999924,17.79999924,17.3920002,16.98500061,16.17000008,17.86000061,17.61700058,17.49300003,17.71800041,17.34900093,17.01499939,17.11700058
Central African Republic,CAF,"Unemployment, total (% of total labor force) (modeled ILO estimate)",SL.UEM.TOTL.ZS,6.175000191,6.176000118,6.181000233,6.197999954,6.179999828,6.169000149,6.204999924,6.203000069,6.203999996,6.190999985,6.210000038,6.221000195,6.21600008,6.238999844,6.241000175,6.252999783,6.257999897,6.257999897,6.261000156,6.265999794,6.277999878,6.297999859,6.287000179,6.342999935,6.393000126,6.159999847
Canada,CAN,"Unemployment, total (% of total labor force) (modeled ILO estimate)",SL.UEM.TOTL.ZS,10.31999969,11.19999981,11.38000011,10.39999962,9.489999771,9.619999886,9.100000381,8.279999733,7.579999924,6.829999924,7.21999979,7.659999847,7.570000172,7.190000057,6.760000229,6.320000172,6.039999962,6.139999866,8.340000153,8.06000042,7.510000229,7.289999962,7.070000172,6.909999847,6.909999847,7
Central Europe and the Baltics,CEB,"Unemployment, total (% of total labor force) (modeled ILO estimate)",SL.UEM.TOTL.ZS,10.95594784,11.39548407,11.93140954,12.01086432,11.11376332,10.16993365,9.164830487,8.952500301,10.3869258,12.43335463,13.23118916,13.74487421,12.96039957,12.93669193,12.05817027,10.10695033,7.8106003,6.608283507,8.490482674,9.903080551,9.789699695,9.977865848,10.04822422,8.951662183,7.815596525,6.486791427
Switzerland,CHE,"Unemployment, total (% of total labor force) (modeled ILO estimate)",SL.UEM.TOTL.ZS,1.779999971,2.809999943,3.720000029,3.880000114,3.329999924,3.710000038,4.199999809,3.599999905,3.150000095,2.670000076,2.49000001,2.920000076,4.119999886,4.320000172,4.440000057,4,3.650000095,3.349999905,4.119999886,4.809999943,4.409999847,4.480000019,4.75,4.829999924,4.800000191,4.920000076
Channel Islands,CHI,"Unemployment, total (% of total labor force) (modeled ILO estimate)",SL.UEM.TOTL.ZS,11.27799988,10.59200001,9.633000374,8.998000145,9.498999596,9.449999809,9.147999763,9.081000328,8.996999741,8.836999893,9.288000107,9.407999992,8.954999924,9.434000015,9.312000275,9.484999657,9.484999657,10.67300034,11.11999989,9.671999931,9.88599968,9.911000252,9.663999557,9.248999596,9.56000042,9.378000259
Chile,CHL,"Unemployment, total (% of total labor force) (modeled ILO estimate)",SL.UEM.TOTL.ZS,5.230000019,4.349999905,4.489999771,5.869999886,4.699999809,6.329999924,6.119999886,6.340000153,9.81000042,9.159999847,9.130000114,8.93999958,8.5,8.81000042,8,7.690000057,7.139999866,7.800000191,9.68999958,8.420000076,7.340000153,6.659999847,6.210000038,6.659999847,6.510000229,6.739999771
China,CHN,"Unemployment, total (% of total labor force) (modeled ILO estimate)",SL.UEM.TOTL.ZS,4.889999866,4.389999866,4.329999924,4.340000153,4.550000191,4.590000153,4.599999905,4.730000019,4.699999809,4.53000021,4.53000021,4.409999847,4.300000191,4.300000191,4.139999866,4,3.75999999,4.360000134,4.288000107,4.199999809,4.340000153,4.46999979,4.539999962,4.592999935,4.605000019,4.649000168
Cote d'Ivoire,CIV,"Unemployment, total (% of total labor force) (modeled ILO estimate)",SL.UEM.TOTL.ZS,6.695000172,6.699999809,6.044000149,5.386000156,4.099999905,4.105999947,4.110000134,4.099999905,4.013000011,3.924999952,3.838000059,3.75,3.664000034,3.578999996,3.494999886,3.410000086,3.325999975,3.242000103,3.15899992,3.075999975,2.990999937,2.914000034,2.83100009,2.747999907,2.664999962,2.599999905
Cameroon,CMR,"Unemployment, total (% of total labor force) (modeled ILO estimate)",SL.UEM.TOTL.ZS,7.846000195,7.868999958,7.881000042,7.894999981,8.008000374,8.06000042,7.958000183,7.831999779,7.691999912,7.558000088,7.460000038,6.703000069,5.953000069,5.230999947,4.400000095,3.650000095,2.900000095,3.203000069,3.505000114,4.110000134,4.172999859,4.225999832,4.277999878,4.320000172,4.296000004,4.261000156
"Congo, Dem. Rep.",COD,"Unemployment, total (% of total labor force) (modeled ILO estimate)",SL.UEM.TOTL.ZS,3.632999897,3.63499999,3.634000063,3.637000084,3.651000023,3.647000074,3.64199996,3.645999908,3.644999981,3.641000032,3.65199995,3.664999962,3.674000025,3.678999901,3.680000067,3.686000109,3.690000057,3.693000078,3.694999933,3.697000027,3.700999975,3.704999924,3.707000017,3.707999945,3.707000017,3.691999912
"Congo, Rep.",COG,"Unemployment, total (% of total labor force) (modeled ILO estimate)",SL.UEM.TOTL.ZS,20.52300072,20.48900032,20.41500092,20.34000015,20.31399918,20.28300095,20.20899963,20.18300056,20.08300018,20.05900002,20.01099968,19.96800041,19.88599968,19.83600044,19.79999924,18.82099915,17.81399918,16.87899971,16.10000038,14.5539999,13.06400013,10,10.00399971,9.998000145,10.02499962,10.42099953
Colombia,COL,"Unemployment, total (% of total labor force) (modeled ILO estimate)",SL.UEM.TOTL.ZS,10.11999989,9.43999958,7.800000191,8.25,8.720000267,11.81000042,12.14000034,15,20.05999947,20.52000046,15.03999996,15.63000011,14.18999958,13.72000027,11.86999989,12.69999981,11.19999981,11.27000046,12.06999969,10.88000011,10.18999958,9.81000042,9.18999958,8.529999733,8.239999771,8.350000381
Comoros,COM,"Unemployment, total (% of total labor force) (modeled ILO estimate)",SL.UEM.TOTL.ZS,4.755000114,4.750999928,4.744999886,4.731999874,4.717999935,4.705999851,4.690999985,4.676000118,4.657999992,4.642000198,4.625999928,4.607999802,4.590000153,4.570000172,4.535999775,4.526000023,4.506999969,4.485000134,4.460999966,4.43900013,4.420000076,4.399000168,4.377999783,4.361999989,4.34499979,4.347000122
Cabo Verde,CPV,"Unemployment, total (% of total labor force) (modeled ILO estimate)",SL.UEM.TOTL.ZS,11.83399963,11.77900028,11.73099995,11.67700005,11.63199997,11.58699989,11.56000042,11.54100037,11.52999973,11.51399994,11.47200012,11.42800045,11.38099957,11.31400013,11.23900032,11.13700008,11.02700043,10.90799999,10.78299999,10.67000008,10.57699966,10.50699997,10.42500019,10.34799957,10.27499962,10.32499981
Costa Rica,CRI,"Unemployment, total (% of total labor force) (modeled ILO estimate)",SL.UEM.TOTL.ZS,5.369999886,3.930000067,3.950000048,4.039999962,5.179999828,6.159999847,5.679999828,5.329999924,5.889999866,5.079999924,5.909999847,6.329999924,6.559999943,6.389999866,6.570000172,5.739999771,4.489999771,4.78000021,7.710000038,8.920000076,10.18000031,9.899999619,8.960000038,9.119999886,9.260000229,8.979999542
Caribbean small states,CSS,"Unemployment, total (% of total labor force) (modeled ILO estimate)",SL.UEM.TOTL.ZS,16.23296601,16.17490071,16.58357475,15.70778498,15.36021115,14.92881633,14.78945277,14.27559574,13.94552323,13.49002863,12.62476895,12.60670835,11.64363232,10.83441567,10.52412194,9.077421405,8.612765303,8.998617866,10.20764912,10.92521601,10.81038724,11.47552551,11.79137756,11.14562315,10.92956259,10.8594959
Cuba,CUB,"Unemployment, total (% of total labor force) (modeled ILO estimate)",SL.UEM.TOTL.ZS,9.19299984,9.050999641,8.914999962,8.461999893,8.270000458,7.610000134,7.099999905,6.230000019,6.260000229,5.449999809,4.079999924,3.309999943,2.329999924,1.850000024,1.950000048,1.899999976,1.789999962,1.580000043,1.669999957,2.5,3.180000067,3.460000038,3.289999962,2.700000048,2.400000095,2.489000082
Curacao,CUW,"Unemployment, total (% of total labor force) (modeled ILO estimate)",SL.UEM.TOTL.ZS,,,,,,,,,,,,,,,,,,,,,,,,,,
Cayman Islands,CYM,"Unemployment, total (% of total labor force) (modeled ILO estimate)",SL.UEM.TOTL.ZS,,,,,,,,,,,,,,,,,,,,,,,,,,
Cyprus,CYP,"Unemployment, total (% of total labor force) (modeled ILO estimate)",SL.UEM.TOTL.ZS,2.792000055,2.089999914,3.323999882,3.111999989,3.405999899,4.840000153,5.092000008,5.112999916,5.699999809,4.980000019,3.970000029,3.309999943,4.130000114,4.320000172,5.309999943,4.539999962,3.910000086,3.650000095,5.360000134,6.260000229,7.869999886,11.78999996,15.88000011,16.07999992,14.92000008,12.94999981
Czech Republic,CZE,"Unemployment, total (% of total labor force) (modeled ILO estimate)",SL.UEM.TOTL.ZS,2.269999981,3.295000076,4.320000172,4.300000191,4.019999981,3.890000105,4.269999981,5.900000095,8.489999771,8.760000229,7.989999771,7.019999981,7.539999962,8.210000038,7.929999828,7.150000095,5.320000172,4.389999866,6.659999847,7.28000021,6.710000038,6.980000019,6.949999809,6.110000134,5.050000191,3.950000048
Germany,DEU,"Unemployment, total (% of total labor force) (modeled ILO estimate)",SL.UEM.TOTL.ZS,5.320000172,6.320000172,7.679999828,8.729999542,8.159999847,8.819999695,9.859999657,9.789999962,8.859999657,7.920000076,7.769999981,8.479999542,9.779999733,10.72999954,11.17000008,10.25,8.659999847,7.519999981,7.739999771,6.96999979,5.820000172,5.380000114,5.230000019,4.980000019,4.619999886,4.119999886
Djibouti,DJI,"Unemployment, total (% of total labor force) (modeled ILO estimate)",SL.UEM.TOTL.ZS,6.921000004,6.901000023,6.852000237,6.816999912,6.785999775,6.750999928,6.729000092,6.712999821,6.68900013,6.637000084,6.600999832,6.551000118,6.489999771,6.43200016,6.387000084,6.352000237,6.322000027,6.294000149,6.25,6.203000069,6.145999908,6.072000027,5.999000072,5.928999901,5.863999844,5.836999893
Dominica,DMA,"Unemployment, total (% of total labor force) (modeled ILO estimate)",SL.UEM.TOTL.ZS,,,,,,,,,,,,,,,,,,,,,,,,,,
Denmark,DNK,"Unemployment, total (% of total labor force) (modeled ILO estimate)",SL.UEM.TOTL.ZS,9.100000381,9.029999733,10.72000027,8.039999962,6.989999771,6.840000153,5.400000095,5.039999962,5.139999866,4.480000019,4.159999847,4.269999981,5.400000095,5.199999809,4.829999924,3.900000095,3.799999952,3.430000067,6.010000229,7.460000038,7.570000172,7.53000021,7,6.590000153,6.170000076,6.179999828
Dominican Republic,DOM,"Unemployment, total (% of total labor force) (modeled ILO estimate)",SL.UEM.TOTL.ZS,7.572999954,6.744999886,6.900000095,7.288000107,6.973999977,6.920000076,6.65500021,6.809999943,6.856999874,6.951000214,7.120999813,6.921999931,7.311999798,7.044000149,6.480000019,5.559999943,5.070000172,4.670000076,5.340000153,5.019999981,5.820000172,6.519999981,7.070000172,6.400000095,5.920000076,5.489999771
Algeria,DZA,"Unemployment, total (% of total labor force) (modeled ILO estimate)",SL.UEM.TOTL.ZS,22.5,24.37999916,26.22999954,27.73999977,31.84000015,28.61100006,25.43000031,26.70199966,28.31100082,29.77000046,27.29999924,25.89999962,23.71999931,17.64999962,15.27000046,12.27000046,13.78999996,11.32999992,10.15999985,9.960000038,9.960000038,10.97000027,9.819999695,10.60000038,11.19999981,10.19999981
East Asia & Pacific (excluding high income),EAP,"Unemployment, total (% of total labor force) (modeled ILO estimate)",SL.UEM.TOTL.ZS,4.394194504,3.983646438,3.953748368,3.970243161,4.147891724,4.159448789,4.270119847,4.51666799,4.553379317,4.372269215,4.37648031,4.279073189,4.175980466,4.21936656,4.20919492,4.101000714,3.964417214,4.302226334,4.165215939,4.006460089,4.020546459,4.016103422,4.05739228,4.058358406,4.111136641,4.104218632
Early-demographic dividend,EAR,"Unemployment, total (% of total labor force) (modeled ILO estimate)",SL.UEM.TOTL.ZS,4.818096195,4.770773125,4.906927027,4.97280739,5.31624348,5.392125193,5.52575141,5.683926485,5.898565614,6.000430644,6.1508465,6.395786447,6.255602588,6.100700832,6.130351785,5.741731633,5.572313766,5.523177516,5.539978854,5.142033146,5.027187951,5.023046126,4.989361757,4.896539864,5.052651074,5.093853252
East Asia & Pacific,EAS,"Unemployment, total (% of total labor force) (modeled ILO estimate)",SL.UEM.TOTL.ZS,4.219708802,3.874152583,3.878223278,3.899107479,4.058614296,4.088936641,4.198193373,4.557191001,4.615325568,4.405308713,4.436425003,4.36502596,4.266488228,4.2609338,4.226103605,4.098079078,3.947484689,4.257067595,4.243017001,4.086996437,4.052259981,4.033439616,4.053830198,4.040250961,4.072020411,4.054624196
Europe & Central Asia (excluding high income),ECA,"Unemployment, total (% of total labor force) (modeled ILO estimate)",SL.UEM.TOTL.ZS,6.8443091,6.630211645,6.956358362,8.182713775,8.864477733,9.344970477,10.28100846,11.18195714,11.51321459,10.1162045,9.514063984,9.256919005,9.158467629,8.97109658,8.469440991,8.124773072,7.414992907,7.414579291,9.107068774,8.472256999,7.868265698,7.270906038,7.289230064,7.453761468,7.577604464,7.50701506
Europe & Central Asia,ECS,"Unemployment, total (% of total labor force) (modeled ILO estimate)",SL.UEM.TOTL.ZS,7.788823614,8.07394628,8.961311128,9.853556806,9.870835906,10.08728793,10.36085419,10.47921677,10.44508003,9.558865809,8.876774183,8.93255538,9.007972592,9.018185108,8.671961487,8.084833111,7.204245851,7.126476772,8.947700709,9.01625667,8.774610747,8.977806015,9.201011507,8.945698177,8.550364004,8.071595979
Ecuador,ECU,"Unemployment, total (% of total labor force) (modeled ILO estimate)",SL.UEM.TOTL.ZS,5.809999943,8.899999619,8.329999924,7.130000114,6.849999905,10.38000011,9.170000076,11.48999977,14.42000008,8.979999542,10.71000004,9.069999695,11.43999958,8.550000191,7.739999771,7.690000057,6.070000172,7.309999943,6.46999979,4.090000153,3.460000038,3.230000019,3.079999924,3.480000019,3.619999886,4.599999905
"Egypt, Arab Rep.",EGY,"Unemployment, total (% of total labor force) (modeled ILO estimate)",SL.UEM.TOTL.ZS,9.600000381,9,10.89999962,11,11.30000019,9,8.369999886,8.029999733,7.949999809,8.979999542,9.260000229,10.01000023,11.01000023,10.30000019,11.19999981,10.48999977,8.800000191,8.520000458,9.090000153,11.85000038,11.85000038,12.60000038,13.14999962,13.10000038,13.05000019,12.40999985
Euro area,EMU,"Unemployment, total (% of total labor force) (modeled ILO estimate)",SL.UEM.TOTL.ZS,8.640918611,9.202125098,10.74398756,11.8265362,11.44384366,11.66910794,11.66420979,11.20242526,10.44621789,9.430337595,8.351035906,8.616443163,8.960860953,9.247761331,8.955097854,8.249895942,7.37615699,7.423571889,9.471942442,10.03211668,10.10397675,11.28254318,11.91985887,11.59456306,10.82769098,10.01281994
Eritrea,ERI,"Unemployment, total (% of total labor force) (modeled ILO estimate)",SL.UEM.TOTL.ZS,6.699999809,6.697999954,6.761000156,6.802999973,6.875,6.885000229,6.953999996,6.992000103,7.008999825,7.032000065,7.027999878,7.081999779,7.048999786,7.001999855,6.975999832,6.938000202,6.907999992,6.843999863,6.828000069,6.78000021,6.745999813,6.68599987,6.623000145,6.585999966,6.556000233,6.452000141
Spain,ESP,"Unemployment, total (% of total labor force) (modeled ILO estimate)",SL.UEM.TOTL.ZS,15.93000031,17.70000076,22.15999985,24.20999908,22.67000008,22.13999939,20.70000076,18.67000008,15.47999954,13.78999996,10.35000038,11.14999962,11.27999973,11.09000015,9.149999619,8.449999809,8.229999542,11.25,17.86000061,19.86000061,21.38999939,24.79000092,26.09000015,24.44000053,22.05999947,19.62999916
Estonia,EST,"Unemployment, total (% of total labor force) (modeled ILO estimate)",SL.UEM.TOTL.ZS,1.470000029,3.680000067,6.539999962,7.559999943,9.659999847,9.920000076,10.36999989,9.510000229,11.56999969,13.35999966,13.13000011,10.02999973,11.28999996,10.25,8.029999733,5.909999847,4.590000153,5.449999809,13.55000019,16.70999908,12.32999992,10.02000046,8.630000114,7.349999905,6.190000057,6.760000229
Ethiopia,ETH,"Unemployment, total (% of total labor force) (modeled ILO estimate)",SL.UEM.TOTL.ZS,3.08100009,3.082000017,3.117000103,3.099999905,4.203999996,5.343999863,6.431000233,7.548999786,8.710000038,8.194999695,7.631999969,7.048999786,6.485000134,5.985000134,5.380000114,5.34100008,5.30700016,5.269000053,5.231999874,5.203999996,5.179999828,5.144000053,4.980000019,4.978000164,4.972000122,5.092999935
European Union,EUU,"Unemployment, total (% of total labor force) (modeled ILO estimate)",SL.UEM.TOTL.ZS,8.925431367,9.59594897,10.85290727,11.41133665,10.81825458,10.719509,10.38801438,9.907679424,9.655153026,9.28052594,8.60984204,8.944424486,9.012695675,9.178139534,8.906509023,8.157567318,7.123975732,6.953104705,8.867001227,9.507187123,9.593360928,10.41141169,10.8100722,10.20026383,9.376827307,8.5297875
Fragile and conflict affected situations,FCS,"Unemployment, total (% of total labor force) (modeled ILO estimate)",SL.UEM.TOTL.ZS,7.107887017,6.914367906,6.99001847,7.051996538,6.859740348,7.056039836,7.119774181,7.081420531,7.119265834,7.311160526,7.555880247,7.519459235,7.471753706,7.597342033,7.579133951,7.611506757,7.618782105,7.719971746,7.427551235,7.534724127,7.591530513,7.528223893,7.590061242,7.684363538,7.74501912,7.728403736
Finland,FIN,"Unemployment, total (% of total labor force) (modeled ILO estimate)",SL.UEM.TOTL.ZS,6.5,11.59000015,16.20000076,16.43000031,17,15.56999969,14.97000027,13.21000004,11.68999958,11.13000011,10.28999996,10.42000008,10.47000027,10.35999966,8.380000114,7.71999979,6.849999905,6.369999886,8.25,8.390000343,7.78000021,7.690000057,8.18999958,8.659999847,9.380000114,8.819999695
Fiji,FJI,"Unemployment, total (% of total labor force) (modeled ILO estimate)",SL.UEM.TOTL.ZS,5.929999828,5.349999905,5.880000114,5.699999809,5.400000095,5.78000021,6.144000053,6.639999866,7.197999954,7.522999763,7.951000214,8.329999924,8.220000267,4.699999809,4.619999886,6.631000042,8.569999695,8.93999958,8.720000267,8.909999847,9.020000458,9,7.578999996,6.170000076,6.098999977,6.237999916
France,FRA,"Unemployment, total (% of total labor force) (modeled ILO estimate)",SL.UEM.TOTL.ZS,9.130000114,10.21000004,11.31999969,12.59000015,11.84000015,12.36999989,12.56999969,12.06999969,11.97999954,10.22000027,8.609999657,8.699999809,8.31000042,8.909999847,8.489999771,8.449999809,7.659999847,7.059999943,8.739999771,8.869999886,8.81000042,9.399999619,9.920000076,10.30000019,10.35999966,10.06000042
Faroe Islands,FRO,"Unemployment, total (% of total labor force) (modeled ILO estimate)",SL.UEM.TOTL.ZS,,,,,,,,,,,,,,,,,,,,,,,,,,
"Micronesia, Fed. Sts.",FSM,"Unemployment, total (% of total labor force) (modeled ILO estimate)",SL.UEM.TOTL.ZS,,,,,,,,,,,,,,,,,,,,,,,,,,
Gabon,GAB,"Unemployment, total (% of total labor force) (modeled ILO estimate)",SL.UEM.TOTL.ZS,17.77099991,17.45299911,17.78000069,17.77300072,17.82099915,17.73600006,17.80200005,17.64699936,17.26099968,17.26199913,17.37599945,17.21199989,17.20400047,17.09000015,16.90999985,17.48999977,18.52199936,18.87400055,19.29500008,20.38999939,20.36599922,20.22900009,20.18899918,20.08399963,20.00499916,19.88699913
United Kingdom,GBR,"Unemployment, total (% of total labor force) (modeled ILO estimate)",SL.UEM.TOTL.ZS,8.550000191,9.779999733,10.35000038,9.649999619,8.68999958,8.18999958,7.070000172,6.199999809,6.039999962,5.559999943,4.699999809,5.039999962,4.809999943,4.590000153,4.75,5.349999905,5.260000229,5.619999886,7.539999962,7.789999962,8.039999962,7.889999866,7.53000021,6.110000134,5.300000191,4.809999943
Georgia,GEO,"Unemployment, total (% of total labor force) (modeled ILO estimate)",SL.UEM.TOTL.ZS,10.08699989,9.395000458,9.508999825,10.13599968,12.04699993,14.43299961,14.73999977,14.55000019,13.80000019,10.81999969,11.15999985,12.59000015,11.51000023,12.61999989,13.81000042,13.57999992,13.27999973,16.46999931,16.84000015,16.29999924,15.06000042,15.03999996,14.56000042,12.35000038,11.96000004,11.76000023
Ghana,GHA,"Unemployment, total (% of total labor force) (modeled ILO estimate)",SL.UEM.TOTL.ZS,4.717999935,4.699999809,5.311999798,5.918000221,6.520999908,7.125999928,7.725999832,8.199999809,10.10000038,10.35999966,9.230999947,8.102000237,6.973999977,5.846000195,4.717000008,3.599999905,4.044000149,4.497000217,4.93200016,5.320000172,4.472000122,3.628999949,2.170000076,2.164000034,2.154000044,2.25999999
Gibraltar,GIB,"Unemployment, total (% of total labor force) (modeled ILO estimate)",SL.UEM.TOTL.ZS,,,,,,,,,,,,,,,,,,,,,,,,,,
Guinea,GIN,"Unemployment, total (% of total labor force) (modeled ILO estimate)",SL.UEM.TOTL.ZS,4.514999866,4.520999908,4.526000023,4.53000021,4.528999805,4.535999775,4.540999889,4.545000076,4.545000076,4.546000004,4.548999786,4.550000191,4.565000057,4.563000202,4.559000015,4.561999798,4.544000149,4.551000118,4.561999798,4.545000076,4.537000179,4.532000065,4.534999847,4.531000137,4.52699995,4.510000229
"Gambia, The",GMB,"Unemployment, total (% of total labor force) (modeled ILO estimate)",SL.UEM.TOTL.ZS,9.102000237,9.163000107,9.161000252,9.159999847,9.192000389,9.225999832,9.263999939,9.32199955,9.359000206,9.383999825,9.392000198,9.376000404,9.401000023,9.402999878,9.380999565,9.385000229,9.392000198,9.399999619,9.406000137,9.411999702,9.392999649,9.420000076,9.421999931,9.427000046,9.420000076,9.43200016
Guinea-Bissau,GNB,"Unemployment, total (% of total labor force) (modeled ILO estimate)",SL.UEM.TOTL.ZS,6.388999939,6.400000095,6.418000221,6.434999943,6.445000172,6.473999977,6.500999928,6.486000061,6.535999775,6.520999908,6.514999866,6.493000031,6.482999802,6.471000195,6.453000069,6.429999828,6.40899992,6.382999897,6.354000092,6.328000069,6.315000057,6.267000198,6.25,6.217000008,6.196000099,6.144999981
Equatorial Guinea,GNQ,"Unemployment, total (% of total labor force) (modeled ILO estimate)",SL.UEM.TOTL.ZS,5.739999771,5.752999783,5.72300005,5.708000183,5.696000099,5.738999844,5.787000179,5.771999836,5.77699995,5.790999889,5.81799984,5.796999931,5.788000107,5.794000149,5.749000072,5.732999802,5.712999821,5.684000015,5.636000156,5.580999851,5.570000172,5.551000118,5.522999763,5.494999886,5.459000111,6.193999767
Greece,GRC,"Unemployment, total (% of total labor force) (modeled ILO estimate)",SL.UEM.TOTL.ZS,7.659999847,7.840000153,8.609999657,8.859999657,9.06000042,9.659999847,9.579999924,10.84000015,11.85000038,11.25,10.46000004,9.970000267,9.409999847,10.31000042,9.989999771,9.010000229,8.399999619,7.760000229,9.619999886,12.71000004,17.86000061,24.44000053,27.46999931,26.48999977,24.89999962,23.54000092
Grenada,GRD,"Unemployment, total (% of total labor force) (modeled ILO estimate)",SL.UEM.TOTL.ZS,,,,,,,,,,,,,,,,,,,,,,,,,,
Greenland,GRL,"Unemployment, total (% of total labor force) (modeled ILO estimate)",SL.UEM.TOTL.ZS,,,,,,,,,,,,,,,,,,,,,,,,,,
Guatemala,GTM,"Unemployment, total (% of total labor force) (modeled ILO estimate)",SL.UEM.TOTL.ZS,3.200000048,2.963000059,2.859999895,2.694999933,2.502000093,2.387000084,2.177000046,1.988999963,1.899999976,1.419999957,1.299999952,3.130000114,3.400000095,3.130000114,2.463999987,1.820000052,2.5,2.802999973,3.099999905,3.74000001,4.130000114,2.869999886,3.319999933,2.910000086,2.700000048,2.829999924
Guam,GUM,"Unemployment, total (% of total labor force) (modeled ILO estimate)",SL.UEM.TOTL.ZS,3.519999981,3.839999914,5.53000021,7.599999905,7.900000095,8.279999733,9.670000076,7.739999771,13.94999981,15.31999969,13,11.39000034,9.545000076,7.699999809,7,7.400000095,8.300000191,8.800000191,9.300000191,8.199999809,13.30000019,12.19999981,11.5,7.599999905,6.900000095,5.400000095
Guyana,GUY,"Unemployment, total (% of total labor force) (modeled ILO estimate)",SL.UEM.TOTL.ZS,12.51599979,11.89999962,11.57299995,11.33399963,12.03999996,11.18400002,11.45699978,13.32900047,11.8760004,12.80000019,11.68099976,11.81000042,12.1590004,11.53299999,12.43799973,10.69999981,10.30099964,11.50199986,11.16800022,10.91699982,10.78299999,11.07499981,11.1260004,11.57499981,11.80900002,11.75500011
High income,HIC,"Unemployment, total (% of total labor force) (modeled ILO estimate)",SL.UEM.TOTL.ZS,6.823743323,7.375014542,7.933949697,7.980511981,7.755405569,7.700393075,7.391873216,7.262387015,7.151115921,6.801009971,6.854169479,7.399973994,7.40765848,7.178204981,6.815570872,6.234820539,5.671351829,5.906600377,7.965623794,8.215796982,7.887690757,7.922828695,7.825314053,7.23803339,6.627028999,6.228050043
"Hong Kong SAR, China",HKG,"Unemployment, total (% of total labor force) (modeled ILO estimate)",SL.UEM.TOTL.ZS,1.799999952,1.960000038,1.960000038,1.899999976,3.220000029,2.829999924,2.220000029,4.579999924,6.25,4.920000076,5.090000153,7.28000021,7.860000134,6.739999771,5.579999924,4.769999981,4.010000229,3.559999943,5.260000229,4.309999943,3.420000076,3.289999962,3.380000114,3.279999971,3.299999952,3.352999926
Honduras,HND,"Unemployment, total (% of total labor force) (modeled ILO estimate)",SL.UEM.TOTL.ZS,4.579999924,3.059999943,3.082000017,3.105000019,3.24000001,4.369999886,3.319999933,4.019999981,3.849999905,3.888000011,4,4.019999981,5.300000191,5.989999771,4.909999847,3.569999933,3.210000038,3.160000086,3.289999962,4.119999886,4.46999979,3.75,4.099999905,5.489999771,4.590000153,4.670000076
Heavily indebted poor countries (HIPC),HPC,"Unemployment, total (% of total labor force) (modeled ILO estimate)",SL.UEM.TOTL.ZS,6.257695547,6.153720095,6.279766006,6.240226647,6.300470973,6.574582965,6.620700944,6.816660792,7.084553924,7.046054961,6.929733854,6.631540325,6.472311948,6.362124416,6.130518039,6.06538396,6.021101161,5.973244039,5.923964977,6.032898578,5.838105903,5.5855035,5.407006482,5.393634778,5.430705072,5.451879921
Croatia,HRV,"Unemployment, total (% of total labor force) (modeled ILO estimate)",SL.UEM.TOTL.ZS,11.14000034,10.85900021,10.65600014,11.64900017,10.9289999,9.949999809,9.909999847,11.39000034,13.56000042,16.05999947,15.81999969,15.05000019,13.92000008,13.65999985,12.60000038,11.13000011,9.909999847,8.529999733,9.199999809,11.61999989,13.68000031,15.93000031,17.25,17.29000092,16.18000031,13.10000038
Haiti,HTI,"Unemployment, total (% of total labor force) (modeled ILO estimate)",SL.UEM.TOTL.ZS,7.644999981,7.886000156,7.914000034,7.978000164,6.953000069,7.159999847,7.243999958,7.263000011,7.199999809,8.588000298,10.11200047,11.36999989,12.63300037,14.48600006,15.02900028,16.15399933,16.79999924,16.55400085,15.46700001,15.9460001,13.71800041,14.10000038,13.85299969,13.93900013,14.04500008,14.00199986
Hungary,HUN,"Unemployment, total (% of total labor force) (modeled ILO estimate)",SL.UEM.TOTL.ZS,9.604000092,9.93999958,12.10000038,10.85000038,10.17000008,10.02000046,8.989999771,8.930000305,6.929999828,6.559999943,5.670000076,5.610000134,5.789999962,5.829999924,7.190000057,7.489999771,7.409999847,7.820000172,10.02999973,11.17000008,11.02999973,11,10.18000031,7.730000019,6.809999943,5.110000134
IBRD only,IBD,"Unemployment, total (% of total labor force) (modeled ILO estimate)",SL.UEM.TOTL.ZS,5.366551078,5.118837644,5.173586658,5.369889752,5.657853298,5.724994642,5.875350771,6.175614676,6.369158689,6.235934288,6.18289532,6.182743719,6.045525333,5.918562909,5.83091803,5.538175291,5.239218837,5.365239145,5.495603684,5.289877811,5.173696945,5.169011145,5.132131766,5.104914499,5.235870818,5.401548429
IDA & IBRD total,IBT,"Unemployment, total (% of total labor force) (modeled ILO estimate)",SL.UEM.TOTL.ZS,5.376631849,5.15004386,5.182354415,5.347320825,5.610028128,5.702677178,5.853406711,6.119641289,6.290835657,6.202445988,6.16827053,6.156038616,6.051738941,5.925086083,5.831887714,5.538359003,5.276927771,5.385994936,5.517097419,5.232765567,5.141922822,5.13300139,5.121780212,5.084022456,5.2236663,5.413470835
IDA total,IDA,"Unemployment, total (% of total labor force) (modeled ILO estimate)",SL.UEM.TOTL.ZS,5.427962048,5.307580356,5.226182286,5.235745444,5.376279291,5.594828308,5.748719462,5.85580319,5.925493871,6.048247008,6.101728388,6.035808737,6.079385354,5.953833892,5.836110605,5.539144475,5.435646489,5.471873909,5.604373117,5.00464011,5.017166137,4.994157988,5.082546141,5.006166251,5.179081601,5.456223948
IDA blend,IDB,"Unemployment, total (% of total labor force) (modeled ILO estimate)",SL.UEM.TOTL.ZS,6.412497852,6.155146342,5.595556456,5.574270147,5.858561529,6.186258381,6.370643487,6.291879028,6.309065471,6.704088762,6.911131176,6.865570697,6.991073842,6.609286655,6.63746043,5.998958566,5.588075097,5.514956651,5.833198518,4.12392947,4.134106124,4.420219557,4.780674016,4.631505616,5.153920121,6.069705809
Indonesia,IDN,"Unemployment, total (% of total labor force) (modeled ILO estimate)",SL.UEM.TOTL.ZS,2.589999914,2.74000001,3.066999912,3.378000021,3.694999933,4,4.699999809,5.460000038,6.300000191,6.079999924,5.880000114,6.340000153,6.179999828,6.710000038,7.710000038,7.550000191,8.06000042,7.210000038,6.110000134,5.610000134,5.150000095,4.46999979,4.340000153,4.050000191,4.510000229,4.119999886
IDA only,IDX,"Unemployment, total (% of total labor force) (modeled ILO estimate)",SL.UEM.TOTL.ZS,5.003689042,4.943119099,5.068334457,5.091100515,5.172538162,5.344478608,5.48480772,5.671287635,5.763330905,5.770354596,5.759738984,5.68533214,5.692988186,5.675362302,5.493948003,5.341144378,5.370073098,5.453345508,5.505434861,5.380410667,5.394358979,5.239949097,5.212141828,5.166829462,5.189937498,5.189810057
Isle of Man,IMN,"Unemployment, total (% of total labor force) (modeled ILO estimate)",SL.UEM.TOTL.ZS,,,,,,,,,,,,,,,,,,,,,,,,,,
India,IND,"Unemployment, total (% of total labor force) (modeled ILO estimate)",SL.UEM.TOTL.ZS,3.832000017,3.717000008,3.740999937,3.65199995,3.71600008,3.813999891,4.059999943,4.06400013,4.063000202,4.316999912,4.326000214,4.43200016,4.308000088,4.368999958,4.395999908,4.236999989,4.059999943,4.116000175,3.750999928,3.539999962,3.529000044,3.621000051,3.463999987,3.414000034,3.49000001,3.505000114
Not classified,INX,"Unemployment, total (% of total labor force) (modeled ILO estimate)",SL.UEM.TOTL.ZS,,,,,,,,,,,,,,,,,,,,,,,,,,
Ireland,IRL,"Unemployment, total (% of total labor force) (modeled ILO estimate)",SL.UEM.TOTL.ZS,15.77999973,15.02999973,15.59000015,14.56999969,11.97999954,11.72000027,10.19999981,7.699999809,5.800000191,4.320000172,3.680000067,4.21999979,4.480000019,4.489999771,4.340000153,4.409999847,4.670000076,6.400000095,12.01000023,13.85000038,14.61999989,14.67000008,13.03999996,11.26000023,9.399999619,7.889999866
"Iran, Islamic Rep.",IRN,"Unemployment, total (% of total labor force) (modeled ILO estimate)",SL.UEM.TOTL.ZS,11.10000038,10.87100029,10.45800018,10.09200001,9.604999542,9.100000381,10.15400028,11.02200031,12.00899982,12.7670002,13.8920002,12.80000019,11.39799976,10.30000019,12.10000038,11.19999981,10.60000038,10.47999954,11.97000027,13.52000046,12.30000019,12.21000004,10.43999958,10.56999969,11.06000042,12.43000031
Iraq,IRQ,"Unemployment, total (% of total labor force) (modeled ILO estimate)",SL.UEM.TOTL.ZS,10.24499989,9.090000153,8.857999802,9.751000404,9.993000031,8.758999825,9.00399971,8.645999908,8.699999809,9.218999863,9.135000229,9.027000427,7.933000088,7.862999916,8.581999779,8.527999878,8.649999619,8.493000031,8.503000259,8.336000443,8.208000183,7.960000038,8.06400013,8.203000069,8.086999893,7.90899992
Iceland,ISL,"Unemployment, total (% of total labor force) (modeled ILO estimate)",SL.UEM.TOTL.ZS,2.549999952,4.300000191,5.260000229,5.329999924,5.199999809,3.599999905,3.720000029,3.069999933,2.180000067,1.940000057,1.870000005,2.99000001,4,4.03000021,2.549999952,2.829999924,2.25,2.950000048,7.21999979,7.559999943,7.03000021,6,5.380000114,4.900000095,3.980000019,2.980000019
Israel,ISR,"Unemployment, total (% of total labor force) (modeled ILO estimate)",SL.UEM.TOTL.ZS,13.39000034,14.07999992,12.73999977,9.930000305,8.779999733,8.460000038,9.75,10.75,11.18000031,11.10000038,11.81000042,12.89000034,13.51000023,13.02999973,11.34000015,10.71000004,9.380000114,7.699999809,9.529999733,8.479999542,7.139999866,6.860000134,6.210000038,5.889999866,5.25,4.800000191
Italy,ITA,"Unemployment, total (% of total labor force) (modeled ILO estimate)",SL.UEM.TOTL.ZS,10.10000038,9.329999924,10.23999977,11.09000015,11.67000008,11.86999989,12,12.11999989,11.68999958,10.84000015,9.600000381,9.210000038,8.869999886,7.869999886,7.730000019,6.78000021,6.079999924,6.71999979,7.75,8.359999657,8.359999657,10.64999962,12.14999962,12.68000031,11.89999962,11.68999958
Jamaica,JAM,"Unemployment, total (% of total labor force) (modeled ILO estimate)",SL.UEM.TOTL.ZS,15.73999977,15.39999962,16.31999969,15.34000015,16.22999954,16.01000023,16.35000038,15.5,15.73999977,15.51000023,14.93000031,14.34000015,11.73999977,11.43999958,10.88000011,9.569999695,9.260000229,10.32999992,11.35999966,12.36999989,12.69999981,13.93000031,15.25,13.73999977,13.51000023,13.18999958
Jordan,JOR,"Unemployment, total (% of total labor force) (modeled ILO estimate)",SL.UEM.TOTL.ZS,19.86700058,20.27899933,19.70000076,18.17900085,14.60000038,13.69999981,13.63799953,13.50399971,13.42500019,13.69999981,14.69999981,15.30000019,14.5,14.54599953,14.80000019,14,13.10000038,12.69999981,12.89999962,12.5,12.89999962,12.19999981,12.60000038,11.89999962,13.07499981,15.27499962
Japan,JPN,"Unemployment, total (% of total labor force) (modeled ILO estimate)",SL.UEM.TOTL.ZS,2.089999914,2.160000086,2.50999999,2.890000105,3.150000095,3.349999905,3.390000105,4.110000134,4.679999828,4.730000019,5.039999962,5.369999886,5.25,4.710000038,4.420000076,4.130000114,3.849999905,3.980000019,5.079999924,5.070000172,4.550000191,4.349999905,4.03000021,3.579999924,3.329999924,3.130000114
Kazakhstan,KAZ,"Unemployment, total (% of total labor force) (modeled ILO estimate)",SL.UEM.TOTL.ZS,1.144000053,1.128999949,1.110000014,7.539999962,10.97999954,12.96000004,13,13.10000038,13.46000004,12.75,10.43000031,9.329999924,8.779999733,8.399999619,8.130000114,7.789999962,7.260000229,6.630000114,6.550000191,5.769999981,5.389999866,5.289999962,5.199999809,5.059999943,4.929999828,4.960000038
Kenya,KEN,"Unemployment, total (% of total labor force) (modeled ILO estimate)",SL.UEM.TOTL.ZS,10.23900032,10.20199966,10.16300011,10.13000011,10.09399986,10.06999969,10.02999973,10.02900028,10,10.11299992,10.24400043,10.31999969,10.41300011,10.48099995,10.52499962,10.67199993,10.82699966,10.93099976,12.17000008,12.0880003,11.98799992,11.87699986,11.76500034,11.66699982,11.5880003,11.52000046
Kyrgyz Republic,KGZ,"Unemployment, total (% of total labor force) (modeled ILO estimate)",SL.UEM.TOTL.ZS,5.486999989,5.096000195,5.137000084,5.245999813,5.513999939,7.244999886,7.399000168,7.473999977,7.605000019,7.5,7.800000191,12.55000019,9.920000076,8.529999733,8.109999657,8.270000458,8.149999619,8.220000267,8.409999847,8.640000343,8.529999733,8.430000305,8.329999924,8.050000191,7.559999943,7.210000038
Cambodia,KHM,"Unemployment, total (% of total labor force) (modeled ILO estimate)",SL.UEM.TOTL.ZS,0.874000013,0.847000003,0.833000004,0.855000019,0.846000016,0.839999974,2.993000031,5.260000229,3.809999943,2.470000029,1.820000052,2.00999999,2.082000017,2.34800005,1.998999953,1.641000032,0.870000005,0.439999998,0.189999998,0.349999994,0.200000003,0.159999996,0.300000012,0.180000007,0.179000005,0.197999999
Kiribati,KIR,"Unemployment, total (% of total labor force) (modeled ILO estimate)",SL.UEM.TOTL.ZS,,,,,,,,,,,,,,,,,,,,,,,,,,
St. Kitts and Nevis,KNA,"Unemployment, total (% of total labor force) (modeled ILO estimate)",SL.UEM.TOTL.ZS,,,,,,,,,,,,,,,,,,,,,,,,,,
"Korea, Rep.",KOR,"Unemployment, total (% of total labor force) (modeled ILO estimate)",SL.UEM.TOTL.ZS,2.410000086,2.50999999,2.880000114,2.480000019,2.059999943,2.049999952,2.609999895,6.960000038,6.340000153,4.420000076,4,3.279999971,3.559999943,3.670000076,3.730000019,3.450000048,3.230000019,3.160000086,3.640000105,3.720000029,3.410000086,3.220000029,3.119999886,3.529999971,3.630000114,3.710000038
Kuwait,KWT,"Unemployment, total (% of total labor force) (modeled ILO estimate)",SL.UEM.TOTL.ZS,0.941999972,0.81099999,0.800000012,0.699999988,2.130000114,0.699999988,0.699999988,0.699999988,0.699999988,0.800000012,0.800000012,1.100000024,1.299999952,1.700000048,1.950000048,1.299999952,1.5,1.75,1.639999986,1.820000052,3.599999905,3.512000084,3.424999952,2.900000095,2.200000048,2.230999947
Latin America & Caribbean (excluding high income),LAC,"Unemployment, total (% of total labor force) (modeled ILO estimate)",SL.UEM.TOTL.ZS,5.990538096,6.207213005,5.864156365,6.084016322,6.699932703,7.235801177,7.133051632,7.887917622,8.684033652,8.574091095,7.960794456,8.21278791,8.348766645,7.864149348,7.660387916,7.136442473,6.733433614,6.565254873,7.319234659,6.736015157,6.362518646,6.369212131,6.276860596,6.008189672,6.538897312,7.733357339
Lao PDR,LAO,"Unemployment, total (% of total labor force) (modeled ILO estimate)",SL.UEM.TOTL.ZS,2.608999968,2.628000021,2.609999895,2.622999907,2.599999905,2.438999891,2.282999992,2.109999895,1.962000012,1.832000017,1.671000004,1.537999988,1.39199996,1.256999969,1.350000024,1.210999966,1.059999943,0.912999988,0.763999999,0.709999979,0.700999975,0.68900001,0.67900002,0.663999975,0.649999976,0.661000013
Lebanon,LBN,"Unemployment, total (% of total labor force) (modeled ILO estimate)",SL.UEM.TOTL.ZS,8.704999924,8.947999954,8.869999886,8.805999756,8.784999847,8.781000137,8.619999886,8.612000465,8.586999893,8.421999931,8.211000443,8.098999977,8.031999588,7.849999905,8.131999969,8.414999962,8.979999542,7.666999817,6.355000019,6.381999969,6.559999943,6.553999901,6.584000111,6.607999802,6.627999783,6.578999996
Liberia,LBR,"Unemployment, total (% of total labor force) (modeled ILO estimate)",SL.UEM.TOTL.ZS,5.642000198,5.678999901,5.699999809,5.709000111,5.688000202,5.65199995,5.561999798,5.573999882,5.580999851,5.552000046,5.592000008,5.590000153,5.664999962,5.617000103,5.613999844,5.609000206,5.599999905,4.760000229,3.91899991,2.269999981,2.263999939,2.259000063,2.255000114,2.273000002,2.272000074,2.338000059
Libya,LBY,"Unemployment, total (% of total labor force) (modeled ILO estimate)",SL.UEM.TOTL.ZS,20.17399979,19.41900063,19.36100006,19.82600021,18.65699959,19.88100052,19.62800026,19.61499977,19.62299919,19.80699921,19.31399918,19.29100037,20.32999992,19.5170002,19.99300003,19.43099976,19.29500008,18.87100029,18.28300095,18.61599922,15.79300022,19.03000069,18.74099922,18.48800087,18.35700035,18.42300034
St. Lucia,LCA,"Unemployment, total (% of total labor force) (modeled ILO estimate)",SL.UEM.TOTL.ZS,17.80999947,16.68499947,17.32600021,17.01000023,16.29999924,16.31999969,20.46999931,21.60000038,18.09000015,16.48999977,13.07999992,20.38999939,22.18000031,20.96999931,18.70000076,16,14,12.72000027,15.36999989,20.63999939,18.86000061,19.05999947,22.20999908,22.65500069,24.09000015,21.26000023
Latin America & Caribbean,LCN,"Unemployment, total (% of total labor force) (modeled ILO estimate)",SL.UEM.TOTL.ZS,6.125127894,6.361014103,6.346151433,6.693686421,7.724737098,8.111944131,7.822891695,8.304613819,9.180976373,9.143552218,8.792018104,9.170564668,8.968245984,8.368656762,8.006996056,7.408104408,6.898426413,6.709505362,7.507429721,6.90099275,6.482946257,6.461635383,6.354777536,6.140295826,6.591541978,7.758414093
Least developed countries: UN classification,LDC,"Unemployment, total (% of total labor force) (modeled ILO estimate)",SL.UEM.TOTL.ZS,5.323011717,5.280767259,5.402307677,5.418848589,5.514430133,5.633211266,5.785685491,5.962198568,6.014203997,5.988638735,6.002216601,5.880877717,5.993457406,6.040523122,5.856120723,5.703367091,5.666734625,5.628132166,5.638189137,5.412794363,5.299874425,5.194563553,5.225342349,5.184548442,5.229730429,5.246421804
Low income,LIC,"Unemployment, total (% of total labor force) (modeled ILO estimate)",SL.UEM.TOTL.ZS,5.652642786,5.556874298,5.623775303,5.577867812,5.721170043,5.846212429,6.010032911,6.127014085,6.245736708,6.280582099,6.316710854,6.081294727,6.02547927,6.019177224,5.878746873,5.934077156,5.932316357,5.975750185,5.79091705,5.935317862,5.994247424,5.824299108,5.714308106,5.636612263,5.677196238,5.689636247
Liechtenstein,LIE,"Unemployment, total (% of total labor force) (modeled ILO estimate)",SL.UEM.TOTL.ZS,,,,,,,,,,,,,,,,,,,,,,,,,,
Sri Lanka,LKA,"Unemployment, total (% of total labor force) (modeled ILO estimate)",SL.UEM.TOTL.ZS,14.65999985,14.22000027,13.81999969,13.02999973,12.27000046,11.35000038,10.60000038,9.170000076,8.880000114,7.739999771,7.900000095,8.760000229,8.220000267,8.380000114,7.670000076,6.5,5.96999979,5.21999979,5.849999905,4.940000057,4.110000134,3.880000114,4.440000057,4.400000095,4.670000076,4.369999886
Lower middle income,LMC,"Unemployment, total (% of total labor force) (modeled ILO estimate)",SL.UEM.TOTL.ZS,4.697930971,4.580764777,4.603126661,4.616567107,4.771862582,4.842447633,5.097463645,5.239651732,5.280271778,5.422759425,5.421830511,5.491282822,5.445996664,5.431674115,5.509820689,5.22381175,5.070069457,4.982500817,4.881860369,4.421341769,4.302030751,4.292374082,4.298026882,4.255082226,4.407511928,4.492413345
Low & middle income,LMY,"Unemployment, total (% of total labor force) (modeled ILO estimate)",SL.UEM.TOTL.ZS,5.319271291,5.081462198,5.078643906,5.220167512,5.451856548,5.547931697,5.729587154,6.018646011,6.151016652,6.021329592,5.952848226,5.917511349,5.848601691,5.740692781,5.675749188,5.423860313,5.205768015,5.339460633,5.4523044,5.164500992,5.081194689,5.071221232,5.060724616,5.029352856,5.182303869,5.375743397
Lesotho,LSO,"Unemployment, total (% of total labor force) (modeled ILO estimate)",SL.UEM.TOTL.ZS,36.43600082,33.19300079,38.52700043,36.97600174,41.55699921,35.88100052,39.29999924,44.1570015,27.27000046,22.95599937,28.35199928,34.64099884,30.37000084,38.04000092,37.22499847,34.95399857,34.85200119,35.45999908,34.38399887,25.85700035,28.19000053,23.15699959,24.57999992,24.75699997,26.97500038,27.78199959
Late-demographic dividend,LTE,"Unemployment, total (% of total labor force) (modeled ILO estimate)",SL.UEM.TOTL.ZS,5.489888342,5.120636813,5.087323746,5.335639518,5.590747347,5.641180643,5.804010715,6.158521433,6.308384405,6.033803283,5.841411734,5.679894282,5.61365525,5.49734207,5.317691932,5.066558369,4.694003389,5.001151351,5.27230261,5.040286715,4.989066376,5.014007818,5.027235015,4.959040527,5.109786944,5.373329254
Lithuania,LTU,"Unemployment, total (% of total labor force) (modeled ILO estimate)",SL.UEM.TOTL.ZS,17.78899956,17.05200005,17.38699913,17.32999992,17.54000092,16.39999962,14.13000011,13.71000004,13.39000034,15.93000031,16.84000015,13.01000023,12.86999989,10.68000031,8.319999695,5.78000021,4.25,5.829999924,13.78999996,17.80999947,15.39000034,13.35999966,11.77000046,10.69999981,9.119999886,7.860000134
Luxembourg,LUX,"Unemployment, total (% of total labor force) (modeled ILO estimate)",SL.UEM.TOTL.ZS,1.480000019,2.029999971,2.329999924,3.480000019,2.920000076,3.289999962,2.529999971,2.75999999,2.390000105,2.349999905,1.799999952,2.619999886,3.680000067,5.110000134,4.489999771,4.730000019,4.070000172,5.059999943,5.119999886,4.360000134,4.900000095,5.139999866,5.849999905,5.849999905,6.670000076,6.289999962
Latvia,LVA,"Unemployment, total (% of total labor force) (modeled ILO estimate)",SL.UEM.TOTL.ZS,18.89299965,18.11300087,19.13199997,21.65500069,20.11599922,20.93000031,14.89999962,14.46000004,13.78999996,14.21000004,13.81999969,13.82999992,12.06000042,11.71000004,10.02999973,7.03000021,6.050000191,7.739999771,17.51000023,19.47999954,16.20999908,15.05000019,11.86999989,10.85000038,9.869999886,9.640000343
"Macao SAR, China",MAC,"Unemployment, total (% of total labor force) (modeled ILO estimate)",SL.UEM.TOTL.ZS,3.00999999,2.299999952,2.099999905,2.5,3.599999905,4.300000191,3.089999914,4.460000038,6.309999943,6.869999886,6.389999866,6.28000021,6.130000114,4.889999866,4.159999847,3.74000001,3.029999971,3.029999971,3.579999924,2.839999914,2.559999943,1.970000029,1.820000052,1.700000048,1.809999943,1.906999946
St. Martin (French part),MAF,"Unemployment, total (% of total labor force) (modeled ILO estimate)",SL.UEM.TOTL.ZS,,,,,,,,,,,,,,,,,,,,,,,,,,
Morocco,MAR,"Unemployment, total (% of total labor force) (modeled ILO estimate)",SL.UEM.TOTL.ZS,17.29999924,16,15.89999962,19.44400024,22.89999962,18.10000038,16.89999962,19.12000084,13.93999958,13.57999992,12.46000004,11.59000015,11.92000008,10.82999992,11.01000023,9.670000076,9.56000042,9.569999695,9.100000381,9.06000042,8.909999847,8.989999771,9.229999542,9.699999809,9.659999847,9.399999619
Monaco,MCO,"Unemployment, total (% of total labor force) (modeled ILO estimate)",SL.UEM.TOTL.ZS,,,,,,,,,,,,,,,,,,,,,,,,,,
Moldova,MDA,"Unemployment, total (% of total labor force) (modeled ILO estimate)",SL.UEM.TOTL.ZS,8.468999863,8.184000015,8.265000343,7.394999981,8.44699955,10.86100006,10.93999958,11.02200031,11.13000011,8.470000267,7.28000021,6.800000191,7.949999809,8.170000076,7.289999962,7.380000114,5.070000172,3.980000019,6.400000095,7.449999809,6.679999828,5.579999924,5.099999905,3.859999895,3.690000057,4.179999828
Madagascar,MDG,"Unemployment, total (% of total labor force) (modeled ILO estimate)",SL.UEM.TOTL.ZS,5.80700016,5.81799984,5.820000172,5.811999798,5.81400013,5.815000057,5.815999985,5.813000202,5.809000015,5.800000191,5.349999905,4.93599987,4.519999981,3.434999943,2.299999952,2.607000113,2.915999889,3.227999926,3.525000095,3.839999914,2.246999979,0.600000024,0.893000007,1.18599999,1.799999952,1.796000004
Maldives,MDV,"Unemployment, total (% of total labor force) (modeled ILO estimate)",SL.UEM.TOTL.ZS,0.791999996,0.79400003,0.800999999,0.786000013,0.790000021,1.001000047,1.213000059,1.447000027,1.713999987,1.970000029,2.315999985,2.584000111,2.671000004,3.210999966,3.84100008,3.476000071,3.953999996,4.116000175,4.868000031,4.577000141,4.681000233,5.113999844,4.96600008,5.210000038,5.052999973,5.027999878
Middle East & North Africa,MEA,"Unemployment, total (% of total labor force) (modeled ILO estimate)",SL.UEM.TOTL.ZS,12.01584269,11.94301155,12.37936297,12.76092803,13.29024466,11.85027497,11.51686739,11.94125436,11.71610657,12.36679034,12.53728338,12.40168529,11.99994181,10.90125324,11.17494306,10.27684395,9.761485188,9.429569813,9.575268848,10.47883111,10.48905391,10.57830867,10.12732812,10.13866927,10.19399245,10.22151734
Mexico,MEX,"Unemployment, total (% of total labor force) (modeled ILO estimate)",SL.UEM.TOTL.ZS,3.049999952,3.099999905,3.210000038,4.25,6.889999866,5.25,4.059999943,3.569999933,2.49000001,2.559999943,2.539999962,2.869999886,2.960000038,3.660000086,3.559999943,3.569999933,3.650000095,3.900000095,5.380000114,5.329999924,5.190000057,4.920000076,4.940000057,4.829999924,4.340000153,3.880000114
Marshall Islands,MHL,"Unemployment, total (% of total labor force) (modeled ILO estimate)",SL.UEM.TOTL.ZS,,,,,,,,,,,,,,,,,,,,,,,,,,
Middle income,MIC,"Unemployment, total (% of total labor force) (modeled ILO estimate)",SL.UEM.TOTL.ZS,5.291106481,5.04097989,5.03175254,5.18912756,5.428183067,5.521515126,5.704529148,6.008869402,6.142400333,5.997462487,5.918944725,5.90207332,5.83172262,5.713820071,5.655939297,5.37325866,5.132434932,5.274000362,5.4168109,5.081841132,4.981495452,4.987455165,4.9867767,4.959412341,5.124258866,5.338279629
"Macedonia, FYR",MKD,"Unemployment, total (% of total labor force) (modeled ILO estimate)",SL.UEM.TOTL.ZS,35.70100021,35.67399979,35.83499908,36.02799988,35.81499863,36.2120018,36,34.5,32.40000153,32.20000076,30.52000046,31.94000053,36.68999863,37.15999985,37.25,36.02999878,34.93000031,33.75999832,32.18000031,32.02000046,31.37999916,31.02000046,29,28.03000069,26.06999969,23.71999931
Mali,MLI,"Unemployment, total (% of total labor force) (modeled ILO estimate)",SL.UEM.TOTL.ZS,3.073999882,3.078000069,3.085999966,3.092000008,3.094000101,3.099999905,3.099999905,3.900000095,4.702000141,5.493999958,6.303999901,7.089000225,7.889999866,8.75,9.532999992,10.32199955,11.71000004,10.85400009,9.98900032,8.069999695,6.900000095,7.099999905,7.300000191,6.380000114,7.730000019,7.813000202
Malta,MLT,"Unemployment, total (% of total labor force) (modeled ILO estimate)",SL.UEM.TOTL.ZS,6.421999931,6.896999836,7.032999992,7.467000008,6.074999809,7.191999912,6.906000137,7.309999943,7.080999851,6.320000172,7.110000134,6.900000095,7.489999771,7.320000172,6.920000076,6.800000191,6.46999979,5.980000019,6.889999866,6.849999905,6.380000114,6.309999943,6.389999866,5.800000191,5.389999866,4.699999809
Myanmar,MMR,"Unemployment, total (% of total labor force) (modeled ILO estimate)",SL.UEM.TOTL.ZS,0.890999973,0.907000005,0.893999994,0.893999994,0.896000028,0.89200002,0.887000024,0.884000003,0.893999994,0.89200002,0.883000016,0.875999987,0.870000005,0.861000001,0.851000011,0.838999987,0.825999975,0.796999991,0.791999996,0.785000026,0.782000005,0.781000018,0.778999984,0.774999976,0.769999981,0.782999992
Middle East & North Africa (excluding high income),MNA,"Unemployment, total (% of total labor force) (modeled ILO estimate)",SL.UEM.TOTL.ZS,12.84235205,12.61107542,13.22337774,13.82216805,14.65409368,13.00348269,12.57748383,13.05637213,12.79003267,13.55616859,13.73214222,13.50172841,13.00763537,11.74338293,12.1387228,11.14643897,10.67924525,10.43484786,10.57630269,11.79444066,11.88362266,12.10892224,11.62507818,11.71646937,11.88742142,11.94965906
Montenegro,MNE,"Unemployment, total (% of total labor force) (modeled ILO estimate)",SL.UEM.TOTL.ZS,27.06599998,26.15200043,26.03700066,32.02799988,30.43400002,33.04999924,29.58300018,29.92900085,28.30500031,32.05500031,29.6060009,29.83300018,30.00600052,30.40699959,30.30999947,24.85499954,19.39999962,17.14999962,19.09000015,19.68000031,19.70999908,19.72999954,19.5,18,17.52000046,17.70000076
Mongolia,MNG,"Unemployment, total (% of total labor force) (modeled ILO estimate)",SL.UEM.TOTL.ZS,9.612000465,9.671999931,8.600000381,9,5.5,6.699999809,7.699999809,5.900000095,4.699999809,4.599999905,4.599999905,5.80700016,6.800000191,3.599999905,3.299999952,3.200000048,7.199999809,5.559999943,5.860000134,6.550000191,4.769999981,3.900000095,4.230000019,4.800000191,4.860000134,7.239999771
Northern Mariana Islands,MNP,"Unemployment, total (% of total labor force) (modeled ILO estimate)",SL.UEM.TOTL.ZS,,,,,,,,,,,,,,,,,,,,,,,,,,
Mozambique,MOZ,"Unemployment, total (% of total labor force) (modeled ILO estimate)",SL.UEM.TOTL.ZS,25.05900002,22.72599983,22.65500069,22.44799995,22.20999908,22.40399933,22.39299965,22.24699974,22.06599998,21.87899971,21.85300064,21.6989994,21.56599998,21.63599968,21.70700073,21.77499962,21.82500076,21.9090004,22.0189991,22.16600037,22.34300041,22.54999924,23.26799965,25.29999924,25.29999924,25.15399933
Mauritania,MRT,"Unemployment, total (% of total labor force) (modeled ILO estimate)",SL.UEM.TOTL.ZS,10.84500027,10.89400005,11.00899982,10.76399994,11.07999992,10.95199966,10.68000031,10.77999973,10.89700031,10.59200001,10.61499977,10.5170002,10.61800003,10.55099964,10.58300018,10.59599972,10.29199982,10.18200016,10.06599998,10.17700005,10.12199974,10.10000038,10.07499981,10.02400017,9.850999832,9.843000412
Mauritius,MUS,"Unemployment, total (% of total labor force) (modeled ILO estimate)",SL.UEM.TOTL.ZS,10.17500019,10.08100033,9.899000168,9.730999947,9.590000153,9.07199955,8.579999924,8.144000053,7.647999763,7.339000225,6.800000191,7.199999809,7.699999809,8.489999771,9.619999886,9.140000343,8.529999733,7.21999979,7.489999771,7.690000057,7.909999847,8.149999619,8,7.71999979,7.920000076,7.300000191
Malawi,MWI,"Unemployment, total (% of total labor force) (modeled ILO estimate)",SL.UEM.TOTL.ZS,7.798999786,7.544000149,7.81799984,7.52699995,7.843999863,7.828000069,7.763000011,7.649000168,7.717999935,7.670000076,7.626999855,7.718999863,7.822000027,7.831999779,7.800000191,7.599999905,7.474999905,7.197000027,6.974999905,6.709000111,6.428999901,6.133999825,5.949999809,5.94299984,5.883999825,5.857999802
Malaysia,MYS,"Unemployment, total (% of total labor force) (modeled ILO estimate)",SL.UEM.TOTL.ZS,3.762000084,3.710000038,3,3.003000021,3.140000105,2.519999981,2.450000048,3.200000048,3.430000067,3,3.529999971,3.470000029,3.609999895,3.539999962,3.529999971,3.329999924,3.230000019,3.339999914,3.690000057,3.25,3.089999914,3.019999981,3.109999895,2.869999886,3.099999905,3.440000057
North America,NAC,"Unemployment, total (% of total labor force) (modeled ILO estimate)",SL.UEM.TOTL.ZS,7.190142818,7.875752294,7.37088738,6.530767404,5.986350215,5.817406702,5.351111456,4.883328966,4.554022621,4.272866882,4.98004364,5.972468931,6.154708205,5.703908781,5.255412986,4.797136044,4.769508539,5.8180645,9.153218047,9.461214498,8.794229892,7.985437764,7.346128626,6.250851361,5.458131402,5.102307779
Namibia,NAM,"Unemployment, total (% of total labor force) (modeled ILO estimate)",SL.UEM.TOTL.ZS,19.13999939,19.08099937,18.99900055,19.39999962,19.09900093,18.8409996,19.5,19.48999977,19.47599983,20.29999924,20.51099968,20.74099922,20.97500038,22.09000015,22.23800087,22.38400078,22.5529995,22.73399925,22.92000008,22.10000038,20.77700043,16.77000046,19.03000069,18.52000046,19.59199905,23.35000038
New Caledonia,NCL,"Unemployment, total (% of total labor force) (modeled ILO estimate)",SL.UEM.TOTL.ZS,18.97699928,19.13800049,19.16200066,19.07299995,18.88999939,18.63999939,18.0510006,17.32600021,16.73500061,16.25200081,15.70400047,15.32199955,14.94900036,16.30999947,15.77000046,15.21899986,14.64799976,14.07900047,13.97000027,14.19200039,14.35599995,14.48700047,14.65299988,14.59000015,14.57800007,14.62100029
Niger,NER,"Unemployment, total (% of total labor force) (modeled ILO estimate)",SL.UEM.TOTL.ZS,5.124000072,5.059000015,5.119999886,5.169000149,5.090000153,4.572999954,3.892999887,3.371000051,2.651000023,2.017999887,1.470000029,1.863000035,2.279000044,2.615999937,3.099999905,2.924999952,2.400000095,1.932999969,1.350999951,0.861999989,0.319999993,0.377999991,0.342999995,0.358999997,0.335000008,0.344999999
Nigeria,NGA,"Unemployment, total (% of total labor force) (modeled ILO estimate)",SL.UEM.TOTL.ZS,5.269000053,5.272999763,4.43599987,4.428999901,4.421000004,4.427000046,4.422999859,4.414999962,4.401000023,4.395999908,4.399000168,4.402999878,4.396999836,4.396999836,4.303999901,4.215000153,4.130000114,4.047999859,3.970999956,3.898999929,3.825999975,3.760999918,3.700000048,4.559999943,4.309999943,7.059999943
Nicaragua,NIC,"Unemployment, total (% of total labor force) (modeled ILO estimate)",SL.UEM.TOTL.ZS,14.44999981,14.39999962,14.95199966,15.50500011,16.61000061,15.61999989,13.19999981,13.81999969,10.92000008,9.81000042,6.449999809,12.19999981,7.599999905,6.409999847,5.369999886,5.309999943,4.889999866,6.199999809,8.159999847,7.829999924,6.519999981,5.210000038,5.28000021,4.519999981,4.478000164,4.447000027
Netherlands,NLD,"Unemployment, total (% of total labor force) (modeled ILO estimate)",SL.UEM.TOTL.ZS,7.28000021,5.559999943,6.289999962,7.159999847,7.159999847,6.420000076,5.510000229,4.389999866,3.619999886,2.730000019,2.119999886,2.549999952,3.589999914,4.650000095,4.71999979,3.900000095,3.180000067,2.75,3.410000086,4.449999809,4.980000019,5.820000172,7.239999771,7.420000076,6.869999886,6.010000229
Norway,NOR,"Unemployment, total (% of total labor force) (modeled ILO estimate)",SL.UEM.TOTL.ZS,5.409999847,5.909999847,5.96999979,5.349999905,6.309999943,5.039999962,4.690000057,3.74000001,3.25,3.460000038,3.74000001,4.019999981,4.21999979,4.260000229,4.380000114,3.400000095,2.49000001,2.549999952,3.099999905,3.519999981,3.210000038,3.119999886,3.420000076,3.480000019,4.300000191,4.679999828
Nepal,NPL,"Unemployment, total (% of total labor force) (modeled ILO estimate)",SL.UEM.TOTL.ZS,4.425000191,4.537000179,4.563000202,4.43200016,4.59499979,4.5,3.789999962,3.085999966,1.850000024,1.761999965,1.705000043,1.703999996,1.597000003,1.524000049,1.478000045,1.424000025,1.368000031,1.340000033,1.743999958,2.119999886,2.532999992,2.89199996,3.299999952,3,3.101999998,3.062000036
Nauru,NRU,"Unemployment, total (% of total labor force) (modeled ILO estimate)",SL.UEM.TOTL.ZS,,,,,,,,,,,,,,,,,,,,,,,,,,
New Zealand,NZL,"Unemployment, total (% of total labor force) (modeled ILO estimate)",SL.UEM.TOTL.ZS,10.60999966,10.67000008,9.800000191,8.359999657,6.460000038,6.300000191,6.849999905,7.71999979,7.039999962,6.139999866,5.449999809,5.289999962,4.75,4.010000229,3.809999943,3.849999905,3.599999905,4.019999981,5.820000172,6.139999866,5.96999979,6.409999847,5.760000229,5.380000114,5.369999886,5.110000134
OECD members,OED,"Unemployment, total (% of total labor force) (modeled ILO estimate)",SL.UEM.TOTL.ZS,6.761697566,7.275807019,7.745015358,7.803737392,7.529592314,7.357707244,7.050686549,6.937526028,6.722651975,6.304131103,6.318751057,6.845524339,6.991311105,6.911053402,6.622928957,6.049763819,5.592399232,5.917252505,8.097167031,8.316224684,7.945822407,7.936576914,7.875703566,7.348526645,6.756599573,6.318551336
Oman,OMN,"Unemployment, total (% of total labor force) (modeled ILO estimate)",SL.UEM.TOTL.ZS,3.986999989,3.892999887,3.809999943,3.736000061,3.650000095,3.792000055,3.90899992,4.106999874,4.272999763,4.28000021,4.315000057,4.367000103,4.348999977,4.285999775,4.235000134,4.230000019,4.230999947,4.142000198,4.078999996,3.977999926,3.973999977,3.773000002,3.651000023,3.493999958,3.318000078,3.266000032
Other small states,OSS,"Unemployment, total (% of total labor force) (modeled ILO estimate)",SL.UEM.TOTL.ZS,12.01773806,12.06647564,13.18614063,13.6563098,14.26310044,13.81687458,14.10915933,14.45704752,12.56375568,12.14409658,12.68401264,13.15715893,13.01669666,13.49274531,13.02542406,11.96173028,11.64950051,11.33635121,11.75274425,11.20122951,11.04237554,10.32679655,10.65222622,10.42536339,10.40850394,10.62727729
Pakistan,PAK,"Unemployment, total (% of total labor force) (modeled ILO estimate)",SL.UEM.TOTL.ZS,5.849999905,5.179999828,4.28000021,4.260000229,5.03000021,5.369999886,5.809999943,5.699999809,5.889999866,7.159999847,7.820000172,7.829999924,8.270000458,7.400000095,7.690000057,6.090000153,5.099999905,4.980000019,5.460000038,0.649999976,0.800000012,1.840999961,2.950000048,1.830000043,3.569999933,3.844000101
Panama,PAN,"Unemployment, total (% of total labor force) (modeled ILO estimate)",SL.UEM.TOTL.ZS,16.12000084,14.67000008,13.26000023,14,14.01000023,14.31999969,13.36999989,14.02000046,11.75,13.52999973,14.71000004,14.10999966,13.61999989,12.43999958,10.32999992,9.109999657,6.78000021,5.849999905,6.559999943,6.519999981,4.480000019,4.050000191,4.099999905,4.820000172,4.53000021,4.353000164
Peru,PER,"Unemployment, total (% of total labor force) (modeled ILO estimate)",SL.UEM.TOTL.ZS,5.835999966,6.195000172,5.44299984,4.931000233,5.173999786,5.80700016,5.302999973,6.22300005,6.004000187,5.757999897,6.078000069,5.800000191,4.789999962,4.900000095,4.860000134,4.260000229,4.190000057,4.059999943,3.900000095,3.480000019,3.440000057,3.109999895,3.24000001,2.960000038,3,3.529999971
Philippines,PHL,"Unemployment, total (% of total labor force) (modeled ILO estimate)",SL.UEM.TOTL.ZS,3.839999914,3.832999945,3.823999882,3.823999882,3.802999973,3.788000107,3.759000063,3.726999998,3.73300004,3.726999998,3.700000048,3.657000065,3.529999971,3.549999952,3.799999952,4.050000191,3.430000067,3.720000029,3.859999895,3.609999895,3.589999914,3.5,3.5,3.599999905,3.039999962,2.710000038
Palau,PLW,"Unemployment, total (% of total labor force) (modeled ILO estimate)",SL.UEM.TOTL.ZS,,,,,,,,,,,,,,,,,,,,,,,,,,
Papua New Guinea,PNG,"Unemployment, total (% of total labor force) (modeled ILO estimate)",SL.UEM.TOTL.ZS,3.039999962,3.036000013,3.019000053,2.967000008,2.915999889,2.970000029,2.90899992,2.969000101,2.944999933,2.920000076,2.836999893,2.753999949,2.670000076,2.545000076,2.460999966,2.352999926,2.29399991,2.135999918,2.072000027,2,2.619999886,2.631999969,2.621999979,2.654000044,2.638000011,2.64199996
Poland,POL,"Unemployment, total (% of total labor force) (modeled ILO estimate)",SL.UEM.TOTL.ZS,12.53499985,13.31999969,14,14.43999958,13.34000015,12.35000038,10.96000004,9.93999958,12.28999996,16.30999947,18.37000084,19.88999939,19.37000084,19.06999969,17.75,13.84000015,9.600000381,7.119999886,8.170000076,9.640000343,9.630000114,10.09000015,10.32999992,8.989999771,7.5,6.159999847
Pre-demographic dividend,PRE,"Unemployment, total (% of total labor force) (modeled ILO estimate)",SL.UEM.TOTL.ZS,7.602626427,7.485915589,7.38450363,7.39407448,7.286905765,7.294201174,7.260050083,7.218730842,7.238085001,7.267471683,7.286216301,7.069962879,7.031493672,7.038696913,6.881497991,6.798364747,6.65480373,6.534389814,6.441716129,6.417519834,6.199731926,5.983572391,5.933133485,6.081679805,6.052330322,6.541822532
Puerto Rico,PRI,"Unemployment, total (% of total labor force) (modeled ILO estimate)",SL.UEM.TOTL.ZS,16.18000031,16.93000031,16.90999985,14.56000042,13.93000031,13.64000034,13.80000019,13.46000004,11.81000042,10.07999992,11.34000015,11.93999958,11.77999973,10.31000042,11.35000038,11.01000023,10.93000031,11.47999954,15,16.37000084,15.94999981,14.47999954,14.30000019,13.90999985,12,11.77999973
"Korea, Dem. People’s Rep.",PRK,"Unemployment, total (% of total labor force) (modeled ILO estimate)",SL.UEM.TOTL.ZS,8.06000042,8.345999718,7.789000034,7.013000011,7.436999798,4.938000202,4.874000072,4.681000233,4.443999767,4.540999889,4.421000004,4.5,4.501999855,4.512000084,4.46600008,4.605000019,4.600999832,4.46999979,4.581999779,4.561999798,4.515999794,4.493000031,4.492000103,4.480999947,4.522999763,4.721000195
Portugal,PRT,"Unemployment, total (% of total labor force) (modeled ILO estimate)",SL.UEM.TOTL.ZS,3.920000076,3.980000019,5.300000191,6.710000038,7.059999943,7.300000191,6.570000172,4.650000095,4.599999905,3.819999933,3.829999924,4.5,6.130000114,6.320000172,7.579999924,7.650000095,7.960000038,7.550000191,9.430000305,10.77000046,12.68000031,15.52999973,16.18000031,13.89000034,12.43999958,11.06999969
Paraguay,PRY,"Unemployment, total (% of total labor force) (modeled ILO estimate)",SL.UEM.TOTL.ZS,5.099999905,4.980000019,5.059999943,4.409999847,3.400000095,8.149999619,5.360000134,5.300000191,9.399999619,7.610000134,7.599999905,9.390000343,6.809999943,6.510000229,4.820000172,5.28000021,4.710000038,4.420000076,5.460000038,4.570000172,4.670000076,4.090000153,4.380000114,5.03000021,4.559999943,5.25
West Bank and Gaza,PSE,"Unemployment, total (% of total labor force) (modeled ILO estimate)",SL.UEM.TOTL.ZS,14.70499992,14.70699978,14.69900036,14.63000011,14.38000011,23.53000069,20.10000038,14.35000038,11.84000015,13.52999973,25.29999924,31.21999931,25.47999954,26.79000092,23.52000046,23.73999977,21.71999931,26.61000061,24.54999924,23.72999954,20.94000053,22.96999931,23.39999962,26.95000076,25.81999969,26.88999939
Pacific island small states,PSS,"Unemployment, total (% of total labor force) (modeled ILO estimate)",SL.UEM.TOTL.ZS,4.475534223,4.19316076,4.463768499,4.423667478,4.298755671,4.505446216,4.704658688,4.96982657,5.250600258,5.412788143,5.647360739,5.788852683,5.723298376,3.947191371,3.815104082,4.570089002,5.482729155,5.703106228,5.611954719,5.759639649,5.857900506,5.976525741,5.313440123,4.653813756,4.607622086,4.645312318
Post-demographic dividend,PST,"Unemployment, total (% of total labor force) (modeled ILO estimate)",SL.UEM.TOTL.ZS,6.688231482,7.200261122,7.653075488,7.636234091,7.254602399,7.335340573,7.199145504,7.268172739,6.991988807,6.438848959,6.276640315,6.644942931,6.762553192,6.577506766,6.274698869,5.857725245,5.452998798,5.795360068,7.951310168,8.242223359,7.965634326,8.021479319,7.929701527,7.402804198,6.800744901,6.350238656
French Polynesia,PYF,"Unemployment, total (% of total labor force) (modeled ILO estimate)",SL.UEM.TOTL.ZS,13.88099957,13.76000023,13.55099964,13.31400013,13.11999989,12.89999962,12.50699997,12.05500031,11.66399956,11.38500023,11.21199989,11.71000004,11.77600002,11.84200001,11.82400036,11.83100033,11.73999977,13.77400017,15.80200005,17.96800041,20.00900078,21.79000092,21.65299988,21.49300003,21.37100029,20.99099922
Qatar,QAT,"Unemployment, total (% of total labor force) (modeled ILO estimate)",SL.UEM.TOTL.ZS,3.869999886,3.737999916,3.85800004,3.786000013,3.720000029,3.700999975,3.559000015,3.631999969,3.709000111,3.674999952,3.910000086,3.302999973,2.694999933,1.480000019,1.174999952,0.870000005,0.519999981,0.310000002,0.310000002,0.449999988,0.560000002,0.479999989,0.270000011,0.189999998,0.159999996,0.140000001
Romania,ROU,"Unemployment, total (% of total labor force) (modeled ILO estimate)",SL.UEM.TOTL.ZS,8.074999809,8.260000229,8.237999916,8.170000076,8.010000229,6.739999771,5.510000229,5.630000114,6.239999771,6.96999979,6.559999943,8.109999657,6.949999809,7.71999979,7.170000076,7.269999981,6.409999847,5.789999962,6.860000134,6.960000038,7.179999828,6.789999962,7.099999905,6.800000191,6.809999943,5.900000095
Russian Federation,RUS,"Unemployment, total (% of total labor force) (modeled ILO estimate)",SL.UEM.TOTL.ZS,5.68599987,5.309999943,5.909999847,8.079999924,9.659999847,9.859999657,11.81000042,13.39000034,13.52999973,10.57999992,8.979999542,7.920000076,8.229999542,7.78000021,7.170000076,7.159999847,6.099999905,6.320000172,8.420000076,7.369999886,6.539999962,5.440000057,5.460000038,5.159999847,5.570000172,5.537000179
Rwanda,RWA,"Unemployment, total (% of total labor force) (modeled ILO estimate)",SL.UEM.TOTL.ZS,0.300000012,0.358999997,0.412999988,0.467999995,0.523000002,0.560000002,0.612999976,0.666000009,0.720000029,0.774999976,0.829999983,0.889999986,1.154000044,1.427000046,1.69599998,1.960999966,2.221999884,2.486999989,2.739000082,2.997999907,3.253999949,3.440000057,2.272000074,1.169999957,1.164999962,1.231999993
South Asia,SAS,"Unemployment, total (% of total labor force) (modeled ILO estimate)",SL.UEM.TOTL.ZS,4.109861018,3.95430338,3.927010145,3.849405006,3.917178666,4.020878274,4.238571246,4.217988291,4.214842399,4.510119409,4.588635094,4.669425516,4.673961035,4.673035601,4.686076793,4.36450295,4.149073412,4.214274851,4.046810088,3.301768064,3.334540659,3.525772462,3.58762649,3.440419326,3.674427717,3.702249822
Saudi Arabia,SAU,"Unemployment, total (% of total labor force) (modeled ILO estimate)",SL.UEM.TOTL.ZS,7.44299984,7.199999809,6.517000198,5.813000202,5.269000053,5.065999985,4.887000084,4.612999916,4.349999905,4.570000172,4.619999886,5.269999981,5.559999943,5.820000172,6.050000191,6.25,5.730000019,5.079999924,5.380000114,5.550000191,5.769999981,5.519999981,5.570000172,5.71999979,5.590000153,5.650000095
Sudan,SDN,"Unemployment, total (% of total labor force) (modeled ILO estimate)",SL.UEM.TOTL.ZS,13.45600033,13.85900021,13.69099998,13.88700008,13.93200016,13.93099976,13.84899998,13.69499969,13.72500038,13.51299953,13.38700008,13.37699986,13.26599979,13.20199966,13.10000038,12.98400021,12.92599964,12.90799999,13,12.80500031,12.99800014,13.03600025,12.86600018,12.81000042,12.78499985,12.73400021
Senegal,SEN,"Unemployment, total (% of total labor force) (modeled ILO estimate)",SL.UEM.TOTL.ZS,5.664000034,5.666999817,5.669000149,5.666999817,5.669000149,5.669000149,5.671999931,5.675000191,5.673999786,5.668000221,5.663000107,5.650000095,6.756999969,7.854000092,8.949000359,10.02999973,10.07400036,10.11499977,10.16300011,10.22299957,10.35999966,9.024999619,7.688000202,6.356999874,4.849999905,4.847000122
Singapore,SGP,"Unemployment, total (% of total labor force) (modeled ILO estimate)",SL.UEM.TOTL.ZS,2.180000067,3.089999914,3.069999933,3.029999971,3.299999952,3.569999933,2.5,3.410000086,4.849999905,3.700000048,3.75999999,5.650000095,5.929999828,5.840000153,5.590000153,4.480000019,3.900000095,3.960000038,4.380000114,3.170000076,2.960000038,2.880000114,2.789999962,2.799999952,1.690000057,1.799999952
Solomon Islands,SLB,"Unemployment, total (% of total labor force) (modeled ILO estimate)",SL.UEM.TOTL.ZS,2.246999979,2.28399992,2.246000051,2.27699995,2.282999992,2.21600008,2.191999912,2.194000006,2.167000055,2.142999887,2.144000053,2.141000032,2.184000015,2.174999952,2.176000118,2.108999968,2.105999947,2.092999935,2.019999981,2.071000099,2.08100009,2.039000034,2.032000065,2.032999992,2.036999941,2.04399991
Sierra Leone,SLE,"Unemployment, total (% of total labor force) (modeled ILO estimate)",SL.UEM.TOTL.ZS,3.382999897,3.394000053,3.391000032,3.390000105,3.398999929,3.403000116,3.403000116,3.394000053,3.397000074,3.391000032,3.390000105,3.38499999,3.385999918,3.420000076,3.576999903,3.726000071,3.868999958,4.006999969,4.139999866,4.269000053,4.393000126,4.513000011,4.630000114,4.679999828,4.703000069,4.59800005
El Salvador,SLV,"Unemployment, total (% of total labor force) (modeled ILO estimate)",SL.UEM.TOTL.ZS,7.53000021,7.880000114,9.93999958,7.679999828,7.650000095,7.679999828,7.980000019,7.099999905,6.679999828,6.960000038,6.960000038,5.730000019,6.260000229,6.050000191,7.21999979,6.570000172,6.409999847,5.880000114,7.329999924,4.889999866,4.300000191,3.849999905,3.690000057,4.159999847,4,4.420000076
San Marino,SMR,"Unemployment, total (% of total labor force) (modeled ILO estimate)",SL.UEM.TOTL.ZS,,,,,,,,,,,,,,,,,,,,,,,,,,
Somalia,SOM,"Unemployment, total (% of total labor force) (modeled ILO estimate)",SL.UEM.TOTL.ZS,5.929999828,5.934999943,5.920000076,5.927000046,5.906000137,5.893000126,5.889999866,5.870999813,5.860000134,5.856999874,5.855000019,5.857999802,5.864999771,5.876999855,5.890999794,5.914000034,5.936999798,5.960999966,5.984000206,6.006999969,6.027999878,6.044000149,6.058000088,6.071000099,6.080999851,6.024000168
Serbia,SRB,"Unemployment, total (% of total labor force) (modeled ILO estimate)",SL.UEM.TOTL.ZS,12.62800026,12.48499966,12.61299992,13.61999989,13.39999962,13.19999981,13.80000019,13.69999981,13.69999981,12.60000038,12.80000019,13.80000019,15.19999981,18.5,20.85000038,20.85000038,18.05999947,13.63000011,16.10000038,19.21999931,22.96999931,24,22.14999962,19.21999931,17.92000008,15.26000023
Sub-Saharan Africa (excluding high income),SSA,"Unemployment, total (% of total labor force) (modeled ILO estimate)",SL.UEM.TOTL.ZS,7.706312151,7.649319748,7.594917889,7.60900487,7.552576097,7.927182058,8.182242293,8.430820483,8.578337656,8.369208561,8.414487955,8.324905786,8.185225882,7.931150521,7.66151983,7.451978468,7.360713798,7.276393892,7.287654535,7.265333996,7.04739374,6.834440208,6.686501765,6.779980618,6.781377568,7.264608303
South Sudan,SSD,"Unemployment, total (% of total labor force) (modeled ILO estimate)",SL.UEM.TOTL.ZS,11.94799995,11.6420002,11.80700016,11.76099968,12.2489996,12.2159996,12.31599998,12.06499958,12.07900047,12.03299999,12.11600018,12.21100044,12.01000023,12.18299961,12.17199993,12.14500046,12.20699978,12.14999962,12.11400032,12.14400005,11.66800022,11.27600002,12.92700005,12.17399979,11.99400043,11.54199982
Sub-Saharan Africa,SSF,"Unemployment, total (% of total labor force) (modeled ILO estimate)",SL.UEM.TOTL.ZS,7.706312151,7.649319748,7.594917889,7.60900487,7.552576097,7.927182058,8.182242293,8.430820483,8.578337656,8.369208561,8.414487955,8.324905786,8.185225882,7.931150521,7.66151983,7.451978468,7.360713798,7.276393892,7.287654535,7.265333996,7.04739374,6.834440208,6.686501765,6.779980618,6.781377568,7.264608303
Small states,SST,"Unemployment, total (% of total labor force) (modeled ILO estimate)",SL.UEM.TOTL.ZS,12.65427726,12.66232908,13.55766867,13.66269787,13.98810514,13.579211,13.75792523,13.89003011,12.49678793,12.09855044,12.28337627,12.62186988,12.29772741,12.35879718,11.95746849,10.92249443,10.65819816,10.5411326,11.11342832,10.87090081,10.73759883,10.34844827,10.62198769,10.28897058,10.23241892,10.38677425
Sao Tome and Principe,STP,"Unemployment, total (% of total labor force) (modeled ILO estimate)",SL.UEM.TOTL.ZS,14.38599968,14.35499954,14.34899998,14.39999962,14.40999985,14.39999962,14.40499973,14.51299953,14.52099991,14.39999962,15.72999954,17.62999916,16.36000061,16.12000084,16.46999931,16.64999962,15.85200024,15.71199989,15.09500027,14.62800026,14.12699986,13.59000015,13.52499962,13.47200012,13.43299961,13.41600037
Suriname,SUR,"Unemployment, total (% of total labor force) (modeled ILO estimate)",SL.UEM.TOTL.ZS,21.625,17.28000069,15.64000034,12.69999981,8.390000343,10.88000011,10.56000042,10.63000011,13.60000038,12.79599953,10.87899971,10.75199986,9.74600029,9.489999771,9.803999901,9.336000443,9.19699955,9.102999687,9.020000458,7.559999943,6.927999973,6.289000034,4.840000153,6.940000057,7.21999979,8.175000191
Slovak Republic,SVK,"Unemployment, total (% of total labor force) (modeled ILO estimate)",SL.UEM.TOTL.ZS,12.20300007,12.59500027,12.19999981,13.64999962,13.10999966,11.34000015,11.89000034,12.18999958,15.94999981,19.05999947,19.37999916,18.71999931,17.12000084,18.60000038,16.26000023,13.36999989,11.14000034,9.510000229,12.02999973,14.38000011,13.61999989,13.96000004,14.22000027,13.18000031,11.47999954,9.670000076
Slovenia,SVN,"Unemployment, total (% of total labor force) (modeled ILO estimate)",SL.UEM.TOTL.ZS,7.079999924,7.438000202,8.510000229,8.239999771,7.150000095,6.909999847,6.650000095,7.389999866,7.320000172,6.920000076,5.679999828,5.920000076,6.480000019,6.010000229,6.510000229,5.949999809,4.820000172,4.369999886,5.860000134,7.239999771,8.170000076,8.840000153,10.10000038,9.670000076,8.960000038,8
Sweden,SWE,"Unemployment, total (% of total labor force) (modeled ILO estimate)",SL.UEM.TOTL.ZS,3.24000001,5.71999979,9.329999924,9.579999924,8.899999619,9.550000191,10.35999966,8.93999958,7.610000134,5.46999979,3.980000019,3.99000001,4.880000114,5.519999981,7.670000076,7.050000191,6.119999886,6.179999828,8.300000191,8.579999924,7.769999981,7.960000038,8.010000229,7.920000076,7.400000095,6.989999771
Eswatini,SWZ,"Unemployment, total (% of total labor force) (modeled ILO estimate)",SL.UEM.TOTL.ZS,22.02400017,21.92700005,21.81599998,21.71899986,21.64999962,21.84600067,22.5,22.44599915,22.37899971,22.29500008,22.25200081,22.20299911,22.16300011,22.12999916,22.09399986,22.0189991,28.23999977,28.12999916,27.97500038,27.79199982,27.5340004,27.23200035,26.91300011,26.61199951,26.33200073,26.34799957
Sint Maarten (Dutch part),SXM,"Unemployment, total (% of total labor force) (modeled ILO estimate)",SL.UEM.TOTL.ZS,,,,,,,,,,,,,,,,,,,,,,,,,,
Seychelles,SYC,"Unemployment, total (% of total labor force) (modeled ILO estimate)",SL.UEM.TOTL.ZS,,,,,,,,,,,,,,,,,,,,,,,,,,
Syrian Arab Republic,SYR,"Unemployment, total (% of total labor force) (modeled ILO estimate)",SL.UEM.TOTL.ZS,6.75,7.074999809,7.400000095,7.5,7.199999809,7.25,7.330999851,7.222000122,7.599999905,9.614999771,11.63000011,11.68000031,10.27999973,9.753000259,9.225000381,8.170000076,8.420000076,10.92000008,8.140000343,8.609999657,14.89999962,14.76500034,14.6590004,14.47999954,14.71800041,14.78499985
Turks and Caicos Islands,TCA,"Unemployment, total (% of total labor force) (modeled ILO estimate)",SL.UEM.TOTL.ZS,,,,,,,,,,,,,,,,,,,,,,,,,,
Chad,TCD,"Unemployment, total (% of total labor force) (modeled ILO estimate)",SL.UEM.TOTL.ZS,5.449999809,5.459000111,5.471000195,5.519999981,5.522999763,5.559000015,5.592999935,5.616000175,5.605999947,5.617000103,5.679999828,5.684999943,5.714000225,5.737999916,5.718999863,5.702000141,5.71600008,5.717000008,5.718999863,5.745999813,5.699999809,5.703999996,5.69299984,5.68200016,5.659999847,5.784999847
East Asia & Pacific (IDA & IBRD countries),TEA,"Unemployment, total (% of total labor force) (modeled ILO estimate)",SL.UEM.TOTL.ZS,4.340237359,3.919427753,3.897456004,3.925789165,4.099962962,4.148204888,4.261444636,4.514317642,4.554937703,4.369878774,4.375850458,4.275953501,4.171384904,4.215245665,4.205579367,4.093902975,3.955448069,4.299857402,4.159311048,3.998556732,4.013487914,4.009288342,4.051157755,4.052274341,4.105165591,4.095248836
Europe & Central Asia (IDA & IBRD countries),TEC,"Unemployment, total (% of total labor force) (modeled ILO estimate)",SL.UEM.TOTL.ZS,7.399630605,7.273637487,7.633628409,8.781401686,9.283879359,9.618513351,10.33749569,11.07307523,11.60195721,10.71952766,10.36996254,10.25446612,10.10586267,9.902455374,9.329334741,8.650759765,7.62765977,7.400088305,9.026450865,8.603987839,8.073221461,7.592605228,7.638934459,7.674665396,7.647208491,7.439386421
Togo,TGO,"Unemployment, total (% of total labor force) (modeled ILO estimate)",SL.UEM.TOTL.ZS,1.901000023,1.901000023,1.901000023,1.909000039,1.909999967,1.90199995,1.90199995,1.894999981,1.89199996,1.88499999,1.881000042,1.878000021,1.876000047,1.871000051,1.866000056,1.863999963,1.861999989,1.860999942,1.860999942,1.860000014,1.860000014,1.853999972,1.850000024,1.845999956,1.842000008,1.842000008
Thailand,THA,"Unemployment, total (% of total labor force) (modeled ILO estimate)",SL.UEM.TOTL.ZS,2.720000029,1.389999986,1.50999999,1.350000024,1.139999986,1.070000052,0.870000005,3.400000095,2.960000038,2.390000105,2.599999905,1.820000052,1.539999962,1.50999999,1.350000024,1.220000029,1.179999948,1.179999948,1.49000001,0.620000005,0.660000026,0.579999983,0.49000001,0.579999983,0.600000024,0.936999977
Tajikistan,TJK,"Unemployment, total (% of total labor force) (modeled ILO estimate)",SL.UEM.TOTL.ZS,7.625,6.600999832,6.859000206,7.197999954,7.527999878,11.28100014,11.52999973,11.22200012,11.66800022,11.30799961,11.07499981,11.46100044,11.4090004,11.3739996,11.19299984,11.1239996,11.20600033,11.1260004,11.5,11.72099972,11.15799999,10.75,10.60599995,10.47299957,10.36299992,10.3039999
Turkmenistan,TKM,"Unemployment, total (% of total labor force) (modeled ILO estimate)",SL.UEM.TOTL.ZS,2.805000067,2.47300005,2.503999949,2.621999979,2.752000093,4.040999889,4.244999886,3.982000113,3.984999895,3.892999887,3.815000057,3.940999985,3.913000107,3.924999952,3.812999964,3.808000088,3.834000111,3.752000093,3.938999891,4,3.746999979,3.665999889,3.630000114,3.576999903,3.575000048,3.479000092
Latin America & the Caribbean (IDA & IBRD countries),TLA,"Unemployment, total (% of total labor force) (modeled ILO estimate)",SL.UEM.TOTL.ZS,5.960170851,6.203097041,6.192266854,6.58030752,7.65934512,8.078792596,7.792146331,8.312914083,9.226172639,9.216665989,8.873946744,9.271890701,9.081195966,8.482449895,8.103474613,7.493486221,6.974391539,6.781599659,7.576317971,6.931034962,6.491748317,6.472225958,6.365635201,6.160718366,6.637772277,7.830380827
Timor-Leste,TLS,"Unemployment, total (% of total labor force) (modeled ILO estimate)",SL.UEM.TOTL.ZS,10.47799969,10.26900005,10.06299973,9.869000435,9.720000267,9.57199955,9.512999535,9.395999908,9.251000404,9.892999649,9.899999619,8.803999901,8.30300045,7.747000217,7.18200016,6.204999924,6.699999809,5.684999943,4.734000206,3.299999952,3.260999918,3.23300004,3.230999947,3.26699996,3.295000076,3.365999937
Middle East & North Africa (IDA & IBRD countries),TMN,"Unemployment, total (% of total labor force) (modeled ILO estimate)",SL.UEM.TOTL.ZS,12.82970324,12.59656133,13.21297027,13.81643013,14.65607878,12.92570208,12.52098704,13.04667931,12.79708393,13.55636264,13.64612465,13.37179909,12.91383364,11.62694751,12.04988177,11.04575512,10.58794142,10.29464069,10.45738794,11.69238936,11.80085368,12.00567294,11.51070391,11.55978564,11.73807164,11.78719688
Tonga,TON,"Unemployment, total (% of total labor force) (modeled ILO estimate)",SL.UEM.TOTL.ZS,1.38499999,1.325000048,1.299999952,1.682999969,2.075000048,2.437999964,2.822999954,3.267999887,3.667999983,4.068999767,4.461999893,4.821000099,5.179999828,4.157000065,3.13499999,1.090000033,1.085000038,1.080000043,1.072000027,1.067999959,1.065000057,1.06400001,1.077000022,1.093000054,1.09800005,1.097000003
South Asia (IDA & IBRD),TSA,"Unemployment, total (% of total labor force) (modeled ILO estimate)",SL.UEM.TOTL.ZS,4.109861018,3.95430338,3.927010145,3.849405006,3.917178666,4.020878274,4.238571246,4.217988291,4.214842399,4.510119409,4.588635094,4.669425516,4.673961035,4.673035601,4.686076793,4.36450295,4.149073412,4.214274851,4.046810088,3.301768064,3.334540659,3.525772462,3.58762649,3.440419326,3.674427717,3.702249822
Sub-Saharan Africa (IDA & IBRD countries),TSS,"Unemployment, total (% of total labor force) (modeled ILO estimate)",SL.UEM.TOTL.ZS,7.706312151,7.649319748,7.594917889,7.60900487,7.552576097,7.927182058,8.182242293,8.430820483,8.578337656,8.369208561,8.414487955,8.324905786,8.185225882,7.931150521,7.66151983,7.451978468,7.360713798,7.276393892,7.287654535,7.265333996,7.04739374,6.834440208,6.686501765,6.779980618,6.781377568,7.264608303
Trinidad and Tobago,TTO,"Unemployment, total (% of total labor force) (modeled ILO estimate)",SL.UEM.TOTL.ZS,18.52000046,19.65999985,19.80999947,18.44000053,17.21999931,16.25,15.01000023,14.21000004,13.11999989,12.10000038,10.88000011,10.39000034,10.47999954,8.329999924,7.949999809,6.269999981,5.539999962,4.630000114,5.28000021,5.929999828,4.659999847,5.039999962,3.589999914,3.309999943,3.390000105,4.373000145
Tunisia,TUN,"Unemployment, total (% of total labor force) (modeled ILO estimate)",SL.UEM.TOTL.ZS,16.8220005,16.56699944,16.6590004,16.52599907,16.38400078,16.06399918,15.93999958,15.95499992,16,15.69999981,15.10000038,15.30000019,14.51000023,14.23999977,12.86999989,12.51000023,12.35999966,12.43999958,13.28999996,13.05000019,18.32999992,17.62999916,15.93000031,15.05799961,15.22000027,15.51000023
Turkey,TUR,"Unemployment, total (% of total labor force) (modeled ILO estimate)",SL.UEM.TOTL.ZS,8.210000038,8.510000229,8.960000038,8.579999924,7.639999866,6.630000114,6.840000153,6.889999866,7.690000057,6.489999771,8.380000114,10.35999966,10.53999996,10.84000015,10.64000034,8.720000267,8.869999886,9.710000038,12.55000019,10.65999985,8.800000191,8.149999619,8.729999542,9.880000114,10.23999977,10.84000015
Tuvalu,TUV,"Unemployment, total (% of total labor force) (modeled ILO estimate)",SL.UEM.TOTL.ZS,,,,,,,,,,,,,,,,,,,,,,,,,,
Tanzania,TZA,"Unemployment, total (% of total labor force) (modeled ILO estimate)",SL.UEM.TOTL.ZS,3.599999905,3.732000113,3.864000082,3.994999886,4.126999855,4.263999939,4.392000198,4.522999763,4.657000065,4.785999775,5.099999905,3.599999905,3.880000114,4.164999962,4.443999767,4.659999847,4.041999817,3.506000042,2.5,2.973999977,3.470000029,3.240999937,2.930000067,2.119999886,2.118000031,2.167999983
Uganda,UGA,"Unemployment, total (% of total labor force) (modeled ILO estimate)",SL.UEM.TOTL.ZS,0.939999998,0.920000017,1.177000046,1.43599999,1.69599998,1.952999949,2.211999893,2.474999905,2.74000001,2.996000051,3.265000105,3.49000001,3.200000048,2.546000004,1.899999976,2.467000008,3.036999941,3.60800004,4.159999847,4.006000042,3.849999905,3.549999952,1.909999967,1.907999992,1.904999971,2.00999999
Ukraine,UKR,"Unemployment, total (% of total labor force) (modeled ILO estimate)",SL.UEM.TOTL.ZS,5.762000084,5.493999958,5.18200016,5.249000072,5.619999886,7.650000095,8.930000305,11.31999969,11.59000015,11.63000011,10.94999981,9.630000114,9.06000042,8.590000153,7.179999828,6.809999943,6.349999905,6.360000134,8.840000153,8.100000381,7.860000134,7.53000021,7.170000076,9.270000458,9.140000343,9.350000381
Upper middle income,UMC,"Unemployment, total (% of total labor force) (modeled ILO estimate)",SL.UEM.TOTL.ZS,5.713544881,5.371641741,5.342897114,5.609160896,5.91270421,6.025022433,6.157985069,6.589605806,6.797649475,6.437605113,6.304850715,6.224444364,6.138474682,5.940400831,5.774710005,5.495102209,5.183409252,5.513038549,5.857926011,5.629905305,5.549136221,5.571375027,5.573760253,5.567880904,5.749722522,6.087050033
Uruguay,URY,"Unemployment, total (% of total labor force) (modeled ILO estimate)",SL.UEM.TOTL.ZS,8.949999809,8.960000038,8.350000381,9.039999962,10.02000046,11.93000031,11.43999958,9.779999733,11.28999996,13.32999992,14.89999962,16.90999985,16.35000038,12.88099957,12.19999981,10.56000042,9.149999619,7.699999809,7.300000191,7.159999847,6.309999943,6.449999809,6.440000057,6.550000191,7.489999771,7.840000153
United States,USA,"Unemployment, total (% of total labor force) (modeled ILO estimate)",SL.UEM.TOTL.ZS,6.829999924,7.5,6.920000076,6.099999905,5.599999905,5.400000095,4.940000057,4.510000229,4.21999979,3.99000001,4.730000019,5.78000021,5.989999771,5.53000021,5.079999924,4.619999886,4.619999886,5.78000021,9.25,9.630000114,8.949999809,8.069999695,7.380000114,6.170000076,5.28000021,4.869999886
Uzbekistan,UZB,"Unemployment, total (% of total labor force) (modeled ILO estimate)",SL.UEM.TOTL.ZS,6.552999973,6.313000202,6.478000164,6.40899992,6.521999836,8.319999695,8.270999908,8.274999619,8.270000458,8.277000427,8.274999619,8.282999992,8.286000252,8.25399971,8.26099968,8.255999565,8.229000092,8.227999687,8.222999573,8.192000389,8.156999588,8.11400032,8.06400013,8.003000259,7.93900013,7.513999939
St. Vincent and the Grenadines,VCT,"Unemployment, total (% of total labor force) (modeled ILO estimate)",SL.UEM.TOTL.ZS,19.77000046,18.93899918,19.45000076,20.3029995,18.92900085,19.87999916,19.32099915,19.14800072,19.5720005,19.60899925,21.10000038,19.78499985,19.22299957,19.07799911,18.8939991,17.95599937,18.01399994,18.79999924,18.84199905,18.81599998,18.50300026,18.18099976,17.88400078,18.22800064,17.98800087,18.21100044
"Venezuela, RB",VEN,"Unemployment, total (% of total labor force) (modeled ILO estimate)",SL.UEM.TOTL.ZS,9.460000038,7.730000019,6.670000076,8.56000042,10.23999977,11.77000046,11.15999985,11.14999962,14.52999973,13.30000019,12.77999973,16.17000008,16.78000069,13.98999977,11.47999954,9.329999924,7.46999979,6.849999905,8.050000191,8.449999809,7.840000153,7.409999847,7.539999962,6.949999809,6.820000172,7.145999908
British Virgin Islands,VGB,"Unemployment, total (% of total labor force) (modeled ILO estimate)",SL.UEM.TOTL.ZS,,,,,,,,,,,,,,,,,,,,,,,,,,
Virgin Islands (U.S.),VIR,"Unemployment, total (% of total labor force) (modeled ILO estimate)",SL.UEM.TOTL.ZS,8.43999958,8.395000458,7.28399992,9.105999947,8.347000122,7.919000149,8.449999809,7.392000198,7.907999992,6.447000027,7.467999935,6.073999882,8.074999809,7.696000099,7.684000015,7.294000149,7.193999767,7.414999962,8.034999847,7.306000233,8.111000061,8.465999603,7.888999939,7.452000141,7.342000008,7.237999916
Vietnam,VNM,"Unemployment, total (% of total labor force) (modeled ILO estimate)",SL.UEM.TOTL.ZS,2.042999983,2.036999941,2.007999897,1.983999968,1.957999945,1.929999948,2.869999886,2.289999962,2.329999924,2.25999999,2.75999999,2.119999886,2.25,2.140000105,2.299000025,2.448999882,2.595999956,2.380000114,2.609999895,2.640000105,2.019999981,1.769999981,1.950000048,1.870000005,2.119999886,2.099999905
Vanuatu,VUT,"Unemployment, total (% of total labor force) (modeled ILO estimate)",SL.UEM.TOTL.ZS,5.526000023,5.522999763,5.500999928,5.572000027,5.478000164,5.511000156,5.554999828,5.515999794,5.520999908,5.597000122,5.519999981,5.540999889,5.623000145,5.611000061,5.611999989,5.617000103,5.558000088,5.539999962,5.460000038,5.402999878,5.369999886,5.343999863,5.31400013,5.287000179,5.263999939,5.267000198
World,WLD,"Unemployment, total (% of total labor force) (modeled ILO estimate)",SL.UEM.TOTL.ZS,5.636216227,5.559158966,5.667055309,5.784175528,5.919183644,5.981287656,6.062381094,6.265769314,6.348120045,6.173934376,6.127711743,6.20284049,6.146441004,6.01312946,5.890686549,5.576644962,5.293444765,5.44631318,5.923653204,5.734991785,5.602624107,5.599875317,5.57054695,5.435012768,5.446447205,5.531032807
Samoa,WSM,"Unemployment, total (% of total labor force) (modeled ILO estimate)",SL.UEM.TOTL.ZS,2.099999905,2.430000067,2.678999901,2.990999937,3.230999947,3.476000071,3.664000034,3.894000053,4.090000153,4.34800005,4.960000038,4.212999821,3.477999926,2.743999958,2.061000109,1.289999962,2.154000044,3.055999994,3.895999908,4.78399992,5.679999828,8.75,8.812999725,8.720000267,8.76099968,8.487000465
Kosovo,XKX,"Unemployment, total (% of total labor force) (modeled ILO estimate)",SL.UEM.TOTL.ZS,,,,,,,,,,,,,,,,,,,,,,,,,,
"Yemen, Rep.",YEM,"Unemployment, total (% of total labor force) (modeled ILO estimate)",SL.UEM.TOTL.ZS,8.562000275,8.413000107,8.44299984,8.340000153,8.918000221,9.574000359,10.18900013,10.79100037,11.46000004,12.58199978,13.72500038,14.67199993,15.51299953,16.22999954,16.04999924,15.69999981,15.32999992,14.97000027,14.63000011,17.81999969,16.98999977,15.27700043,14.16300011,13.47000027,13.80700016,13.72900009
South Africa,ZAF,"Unemployment, total (% of total labor force) (modeled ILO estimate)",SL.UEM.TOTL.ZS,20.12100029,20.00699997,20.01600075,20,16.89999962,21,22.89999962,25,25.37000084,23.27000046,25.37000084,27.18000031,27.12000084,24.67000008,23.84000015,22.62000084,22.32999992,22.43000031,23.54000092,24.69000053,24.64999962,24.72999954,24.56999969,24.89999962,25.15999985,26.54999924
Zambia,ZMB,"Unemployment, total (% of total labor force) (modeled ILO estimate)",SL.UEM.TOTL.ZS,18.89999962,19.38800049,19.70000076,18.5,17.2840004,15,13.42599964,12,12.49199963,12.93000031,12.42599964,11.91100025,11.40200043,10.88500023,10.36699963,9.770999908,9.178999901,7.929999828,10.61499977,13.18999958,9.989999771,7.849999905,7.815999985,7.782999992,7.75,7.77699995
Zimbabwe,ZWE,"Unemployment, total (% of total labor force) (modeled ILO estimate)",SL.UEM.TOTL.ZS,4.913000107,4.725999832,4.843999863,4.960000038,5.452000141,5.945000172,6.929999828,6.465000153,6,5.722000122,5.495999813,5.087999821,4.725999832,4.389999866,4.506000042,4.65199995,4.756999969,4.789000034,5.111999989,5.271999836,5.369999886,5.328000069,5.204999924,5.135000229,5.085999966,5.046000004