Country Name,Country Code,Indicator Name,Indicator Code,1990,1991,1992,1993,1994,1995,1996,1997,1998,1999,2000,2001,2002,2003,2004,2005,2006,2007,2008,2009,2010,2011,2012,2013,2014,2015,2016
Aruba,ABW,Urban population (% of total),SP.URB.TOTL.IN.ZS,50.319,50.304,49.998,49.588,49.177,48.767,48.356,47.946,47.536,47.127,46.717,46.339,45.972,45.606,45.24,44.875,44.511,44.147,43.783,43.421,43.059,42.94,42.957,42.99,43.041,43.108,43.192
Afghanistan,AFG,Urban population (% of total),SP.URB.TOTL.IN.ZS,21.177,21.266,21.355,21.444,21.534,21.624,21.714,21.805,21.895,21.986,22.078,22.169,22.261,22.353,22.5,22.703,22.907,23.113,23.32,23.528,23.737,23.948,24.16,24.373,24.587,24.803,25.02
Angola,AGO,Urban population (% of total),SP.URB.TOTL.IN.ZS,37.144,38.58,40.039,41.511,43,44.169,45.346,46.525,47.71,48.897,50.087,51.274,52.461,53.645,54.827,56,56.764,57.524,58.282,59.034,59.783,60.528,61.268,62.002,62.731,63.446,64.149
Albania,ALB,Urban population (% of total),SP.URB.TOTL.IN.ZS,36.428,36.7,37.249,37.799,38.354,38.911,39.473,40.035,40.601,41.169,41.741,42.435,43.501,44.573,45.651,46.731,47.815,48.902,49.991,51.076,52.163,53.247,54.33,55.387,56.423,57.434,58.421
Andorra,AND,Urban population (% of total),SP.URB.TOTL.IN.ZS,94.712,94.53,94.324,94.111,93.89,93.661,93.425,93.18,92.927,92.666,92.395,92.056,91.641,91.207,90.751,90.285,89.807,89.308,89.004,88.912,88.819,88.726,88.631,88.537,88.441,88.345,88.248
Arab World,ARB,Urban population (% of total),SP.URB.TOTL.IN.ZS,50.29992622,50.67415731,50.65602051,51.01318636,51.25952403,51.7379138,51.90217697,52.1052045,52.3420224,52.59017157,52.84154529,53.10476535,53.36876822,53.65384788,53.95890979,54.32591208,54.72574165,55.01566941,55.4510811,55.8855303,56.31810823,56.66964106,56.97356342,57.27113797,57.5576053,57.89587092,58.21263718
United Arab Emirates,ARE,Urban population (% of total),SP.URB.TOTL.IN.ZS,79.051,78.906,78.76,78.614,78.467,78.319,78.493,78.938,79.378,79.81,80.236,80.655,81.067,81.472,81.871,82.262,82.648,83.023,83.387,83.742,84.087,84.423,84.749,85.066,85.375,85.674,85.965
Argentina,ARG,Urban population (% of total),SP.URB.TOTL.IN.ZS,86.984,87.328,87.542,87.752,87.96,88.164,88.366,88.564,88.759,88.952,89.142,89.329,89.51,89.686,89.86,90.031,90.2,90.366,90.53,90.691,90.849,90.99,91.121,91.249,91.377,91.503,91.627
Armenia,ARM,Urban population (% of total),SP.URB.TOTL.IN.ZS,67.421,67.15,66.878,66.606,66.332,66.057,65.781,65.504,65.226,64.947,64.666,64.385,64.236,64.137,64.038,63.938,63.839,63.739,63.64,63.54,63.44,63.34,63.24,63.164,63.112,63.085,63.082
American Samoa,ASM,Urban population (% of total),SP.URB.TOTL.IN.ZS,80.948,81.886,82.789,83.654,84.485,85.28,86.043,86.771,87.467,88.131,88.587,88.491,88.394,88.297,88.198,88.1,88,87.9,87.799,87.697,87.594,87.502,87.42,87.348,87.288,87.238,87.198
Antigua and Barbuda,ATG,Urban population (% of total),SP.URB.TOTL.IN.ZS,35.426,35.465,35.085,34.709,34.334,33.961,33.59,33.221,32.855,32.49,32.127,31.74,31.098,30.464,29.837,29.218,28.606,28.002,27.405,26.818,26.238,25.703,25.526,25.35,25.175,25,24.846
Australia,AUS,Urban population (% of total),SP.URB.TOTL.IN.ZS,85.433,85.403,85.285,85.157,85.028,84.898,84.767,84.636,84.503,84.37,84.235,84.1,84.222,84.343,84.463,84.582,84.7,84.822,84.943,85.063,85.182,85.3,85.402,85.502,85.602,85.701,85.8
Austria,AUT,Urban population (% of total),SP.URB.TOTL.IN.ZS,62.96,62.689,62.417,62.144,61.87,61.596,61.32,61.045,60.768,60.491,60.213,59.934,59.655,59.375,59.094,58.813,58.532,58.249,57.966,57.683,57.399,57.115,57.147,57.336,57.526,57.715,57.905
Azerbaijan,AZE,Urban population (% of total),SP.URB.TOTL.IN.ZS,53.749,53.441,53.132,52.824,52.515,52.206,51.896,51.588,51.278,51.185,51.386,51.587,51.787,51.988,52.189,52.389,52.589,52.79,52.99,53.19,53.406,53.637,53.883,54.145,54.422,54.714,55.021
Burundi,BDI,Urban population (% of total),SP.URB.TOTL.IN.ZS,6.271,6.455,6.637,6.823,7.014,7.211,7.412,7.618,7.83,8.036,8.246,8.461,8.682,8.908,9.139,9.375,9.617,9.864,10.118,10.376,10.642,10.915,11.194,11.482,11.776,12.078,12.388
Belgium,BEL,Urban population (% of total),SP.URB.TOTL.IN.ZS,96.377,96.461,96.542,96.622,96.7,96.777,96.851,96.924,96.996,97.065,97.129,97.186,97.241,97.296,97.35,97.403,97.454,97.505,97.555,97.603,97.651,97.698,97.744,97.789,97.833,97.876,97.919
Benin,BEN,Urban population (% of total),SP.URB.TOTL.IN.ZS,34.485,35.247,35.827,36.136,36.447,36.758,37.071,37.385,37.699,38.015,38.333,38.65,39.036,39.536,40.039,40.543,41.049,41.558,42.069,42.58,43.093,43.608,44.125,44.642,45.166,45.695,46.229
Burkina Faso,BFA,Urban population (% of total),SP.URB.TOTL.IN.ZS,13.815,14.07,14.33,14.593,14.86,15.131,15.407,15.875,16.51,17.166,17.844,18.54,19.258,19.996,20.757,21.537,22.339,22.996,23.534,24.079,24.633,25.196,25.767,26.346,26.934,27.53,28.134
Bangladesh,BGD,Urban population (% of total),SP.URB.TOTL.IN.ZS,19.811,20.257,20.61,20.966,21.328,21.693,22.064,22.438,22.818,23.202,23.59,24.096,24.756,25.429,26.114,26.809,27.517,28.237,28.968,29.709,30.462,31.225,31.993,32.762,33.535,34.308,35.083
Bulgaria,BGR,Urban population (% of total),SP.URB.TOTL.IN.ZS,66.377,66.717,67.056,67.33,67.557,67.782,68.007,68.231,68.454,68.677,68.899,69.166,69.524,69.879,70.233,70.584,70.932,71.278,71.622,71.963,72.302,72.638,72.975,73.313,73.651,73.99,74.329
Bahrain,BHR,Urban population (% of total),SP.URB.TOTL.IN.ZS,88.14,88.329,88.398,88.395,88.392,88.388,88.385,88.382,88.379,88.376,88.372,88.369,88.373,88.383,88.399,88.422,88.452,88.488,88.53,88.579,88.634,88.695,88.762,88.835,88.915,88.999,89.09
"Bahamas, The",BHS,Urban population (% of total),SP.URB.TOTL.IN.ZS,79.838,80.067,80.293,80.518,80.74,80.961,81.18,81.396,81.611,81.824,82.007,82.049,82.092,82.134,82.176,82.218,82.26,82.302,82.343,82.385,82.427,82.476,82.532,82.596,82.668,82.746,82.832
Bosnia and Herzegovina,BIH,Urban population (% of total),SP.URB.TOTL.IN.ZS,39.249,39.578,39.887,40.196,40.506,40.817,41.13,41.442,41.755,42.069,42.384,42.698,43.014,43.33,43.648,43.965,44.282,44.601,44.92,45.239,45.558,45.878,46.199,46.519,46.84,47.173,47.518
Belarus,BLR,Urban population (% of total),SP.URB.TOTL.IN.ZS,65.981,66.374,66.766,67.155,67.541,67.926,68.308,68.687,69.064,69.482,69.973,70.458,70.939,71.415,71.887,72.354,72.816,73.273,73.726,74.172,74.672,75.188,75.697,76.199,76.693,77.181,77.661
Belize,BLZ,Urban population (% of total),SP.URB.TOTL.IN.ZS,47.465,47.271,47.059,46.848,46.637,46.425,46.214,46.003,45.793,45.582,45.398,45.381,45.364,45.347,45.33,45.313,45.296,45.279,45.262,45.245,45.228,45.228,45.246,45.282,45.335,45.406,45.495
Bermuda,BMU,Urban population (% of total),SP.URB.TOTL.IN.ZS,100,100,100,100,100,100,100,100,100,100,100,100,100,100,100,100,100,100,100,100,100,100,100,100,100,100,100
Bolivia,BOL,Urban population (% of total),SP.URB.TOTL.IN.ZS,55.577,56.579,57.541,58.079,58.615,59.15,59.682,60.212,60.739,61.264,61.787,62.306,62.783,63.248,63.711,64.17,64.628,65.082,65.535,65.984,66.43,66.874,67.315,67.699,68.047,68.393,68.738
Brazil,BRA,Urban population (% of total),SP.URB.TOTL.IN.ZS,73.922,74.69,75.444,76.181,76.903,77.61,78.302,79.048,79.781,80.496,81.192,81.553,81.88,82.203,82.521,82.834,83.143,83.448,83.749,84.044,84.335,84.631,84.923,85.209,85.492,85.77,86.042
Barbados,BRB,Urban population (% of total),SP.URB.TOTL.IN.ZS,37.37,37.006,36.643,36.283,35.924,35.566,35.21,34.856,34.503,34.152,33.827,33.629,33.431,33.234,33.037,32.841,32.646,32.451,32.256,32.063,31.87,31.7,31.553,31.429,31.328,31.249,31.193
Brunei Darussalam,BRN,Urban population (% of total),SP.URB.TOTL.IN.ZS,66.438,66.585,67.078,67.604,68.126,68.644,69.158,69.666,70.17,70.669,71.164,71.652,72.046,72.421,72.794,73.163,73.529,73.892,74.252,74.608,74.961,75.31,75.656,75.997,76.332,76.663,76.99
Bhutan,BTN,Urban population (% of total),SP.URB.TOTL.IN.ZS,16.388,17.161,17.962,18.791,19.649,20.537,21.456,22.401,23.377,24.383,25.418,26.48,27.57,28.688,29.835,30.965,31.712,32.469,33.236,34.01,34.793,35.585,36.371,37.149,37.918,38.678,39.428
Botswana,BWA,Urban population (% of total),SP.URB.TOTL.IN.ZS,41.933,45.292,46.443,47.286,48.133,48.981,49.83,50.677,51.525,52.372,53.219,54.062,54.57,55.029,55.488,55.944,56.4,57.928,59.444,60.937,62.412,63.865,64.768,65.572,66.368,67.155,67.933
Central African Republic,CAF,Urban population (% of total),SP.URB.TOTL.IN.ZS,36.825,36.906,36.987,37.068,37.149,37.231,37.312,37.394,37.475,37.557,37.639,37.72,37.802,37.884,37.966,38.069,38.193,38.339,38.506,38.694,38.904,39.135,39.388,39.663,39.959,40.277,40.618
Canada,CAN,Urban population (% of total),SP.URB.TOTL.IN.ZS,76.582,76.62,76.887,77.152,77.414,77.675,77.951,78.34,78.724,79.103,79.478,79.81,79.888,79.967,80.045,80.122,80.213,80.396,80.578,80.758,80.937,81.096,81.137,81.178,81.218,81.259,81.3
Central Europe and the Baltics,CEB,Urban population (% of total),SP.URB.TOTL.IN.ZS,61.39160282,61.61994405,61.70314006,61.6617019,61.63693,61.60507368,61.59247579,61.56018869,61.53646041,61.50191736,61.47932792,61.48522797,61.54579257,61.59240182,61.63871176,61.6935176,61.75503741,61.83327247,61.91610508,61.97778225,62.0180234,62.06393449,62.08177697,62.09681374,62.11364514,62.14068325,62.18447909
Switzerland,CHE,Urban population (% of total),SP.URB.TOTL.IN.ZS,73.926,73.869,73.815,73.762,73.708,73.654,73.6,73.546,73.492,73.438,73.383,73.375,73.401,73.427,73.452,73.478,73.504,73.53,73.556,73.581,73.607,73.631,73.653,73.674,73.696,73.718,73.739
Channel Islands,CHI,Urban population (% of total),SP.URB.TOTL.IN.ZS,31.392,31.262,31.076,30.891,30.706,30.522,30.4,30.416,30.432,30.449,30.465,30.495,30.557,30.619,30.681,30.743,30.805,30.867,30.929,30.992,31.054,31.091,31.059,31.027,30.995,30.962,30.93
Chile,CHL,Urban population (% of total),SP.URB.TOTL.IN.ZS,83.271,83.398,83.564,83.896,84.223,84.545,84.861,85.172,85.477,85.778,86.073,86.363,86.606,86.665,86.725,86.783,86.842,86.9,86.959,87.017,87.074,87.132,87.189,87.246,87.303,87.36,87.422
China,CHN,Urban population (% of total),SP.URB.TOTL.IN.ZS,26.442,27.312,28.2,29.103,30.024,30.961,31.916,32.883,33.867,34.865,35.877,37.093,38.425,39.776,41.144,42.522,43.868,45.199,46.539,47.88,49.226,50.511,51.765,53.013,54.259,55.5,56.736
Cote d'Ivoire,CIV,Urban population (% of total),SP.URB.TOTL.IN.ZS,39.345,39.716,40.088,40.461,40.835,41.21,41.587,41.964,42.342,42.741,43.155,43.568,43.983,44.399,44.817,45.234,45.652,46.071,46.491,46.91,47.33,47.751,48.172,48.593,49.014,49.444,49.881
Cameroon,CMR,Urban population (% of total),SP.URB.TOTL.IN.ZS,39.657,40.235,40.817,41.399,41.985,42.573,43.164,43.755,44.348,44.944,45.542,46.139,46.738,47.338,47.94,48.541,49.143,49.746,50.35,50.954,51.559,52.164,52.769,53.373,53.976,54.578,55.179
"Congo, Dem. Rep.",COD,Urban population (% of total),SP.URB.TOTL.IN.ZS,30.633,31.067,31.506,31.946,32.39,32.838,33.289,33.742,34.199,34.659,35.122,35.587,36.055,36.526,37,37.481,37.971,38.47,38.976,39.491,40.013,40.544,41.082,41.627,42.18,42.74,43.307
"Congo, Rep.",COG,Urban population (% of total),SP.URB.TOTL.IN.ZS,54.324,54.743,55.162,55.58,55.996,56.413,56.832,57.299,57.766,58.231,58.695,59.156,59.617,60.076,60.533,60.988,61.441,61.893,62.346,62.8,63.256,63.712,64.169,64.627,65.085,65.543,66.001
Colombia,COL,Urban population (% of total),SP.URB.TOTL.IN.ZS,69.481,69.949,70.415,70.874,71.328,71.777,72.223,72.662,73.098,73.53,73.957,74.379,74.797,75.211,75.62,76.024,76.423,76.816,77.204,77.587,77.964,78.335,78.701,79.061,79.415,79.764,80.108
Comoros,COM,Urban population (% of total),SP.URB.TOTL.IN.ZS,27.869,28.366,28.435,28.39,28.346,28.301,28.257,28.213,28.168,28.124,28.08,28.036,27.992,27.947,27.903,27.875,27.863,27.867,27.886,27.921,27.973,28.04,28.123,28.223,28.338,28.47,28.619
Cabo Verde,CPV,Urban population (% of total),SP.URB.TOTL.IN.ZS,44.12,45.044,45.973,46.902,47.834,48.768,49.704,50.637,51.572,52.505,53.435,54.291,55.146,55.997,56.846,57.689,58.529,59.363,60.194,61.016,61.821,62.322,62.821,63.317,63.81,64.3,64.784
Costa Rica,CRI,Urban population (% of total),SP.URB.TOTL.IN.ZS,50.003,50.917,51.832,52.743,53.653,54.561,55.467,56.367,57.264,58.157,59.052,60.41,61.753,63.08,64.388,65.672,66.935,68.174,69.39,70.575,71.736,72.868,73.946,74.97,75.941,76.862,77.735
Caribbean small states,CSS,Urban population (% of total),SP.URB.TOTL.IN.ZS,48.79660894,48.97362736,49.11953752,49.2579008,49.39253519,49.5279758,49.66434782,49.80039882,49.93813757,50.07752953,50.21199668,50.29007654,50.33039898,50.35557035,50.37969251,50.3944382,50.4091762,50.4233535,50.43673516,50.44702947,50.45628578,50.48173199,50.54454833,50.61674217,50.70251845,50.80256027,50.9184798
Cuba,CUB,Urban population (% of total),SP.URB.TOTL.IN.ZS,73.364,73.676,73.827,73.977,74.127,74.277,74.426,74.618,74.855,75.089,75.323,75.555,75.785,75.947,76.041,76.134,76.227,76.32,76.413,76.505,76.597,76.689,76.781,76.827,76.861,76.896,76.93
Curacao,CUW,Urban population (% of total),SP.URB.TOTL.IN.ZS,84.678,84.947,85.444,86.224,86.969,87.68,88.358,89.002,89.615,90.198,90.752,91.011,90.894,90.775,90.655,90.534,90.411,90.287,90.161,90.034,89.905,89.775,89.654,89.544,89.443,89.352,89.272
Cayman Islands,CYM,Urban population (% of total),SP.URB.TOTL.IN.ZS,100,100,100,100,100,100,100,100,100,100,100,100,100,100,100,100,100,100,100,100,100,100,100,100,100,100,100
Cyprus,CYP,Urban population (% of total),SP.URB.TOTL.IN.ZS,66.776,67.188,67.598,67.792,67.915,68.038,68.161,68.283,68.405,68.527,68.648,68.769,68.694,68.553,68.41,68.268,68.125,67.982,67.839,67.695,67.551,67.406,67.261,67.137,67.031,66.946,66.881
Czech Republic,CZE,Urban population (% of total),SP.URB.TOTL.IN.ZS,75.22,75.158,75.03,74.901,74.772,74.643,74.513,74.382,74.251,74.12,73.988,73.877,73.809,73.74,73.671,73.602,73.533,73.463,73.394,73.324,73.255,73.185,73.197,73.29,73.384,73.477,73.57
Germany,DEU,Urban population (% of total),SP.URB.TOTL.IN.ZS,73.118,73.269,73.36,73.497,73.71,73.922,74.133,74.342,74.551,74.758,74.965,75.17,75.374,75.577,75.779,75.98,76.179,76.378,76.575,76.771,76.966,77.16,77.17,77.18,77.19,77.2,77.224
Djibouti,DJI,Urban population (% of total),SP.URB.TOTL.IN.ZS,75.957,76.114,76.161,76.207,76.254,76.3,76.347,76.393,76.439,76.485,76.532,76.578,76.624,76.67,76.716,76.761,76.807,76.853,76.899,76.944,76.999,77.064,77.138,77.222,77.314,77.417,77.528
Dominica,DMA,Urban population (% of total),SP.URB.TOTL.IN.ZS,63.079,64.482,64.569,64.656,64.744,64.831,64.918,65.005,65.092,65.179,65.265,65.382,65.689,65.994,66.299,66.601,66.903,67.203,67.502,67.799,68.094,68.389,68.685,68.982,69.28,69.579,69.88
Denmark,DNK,Urban population (% of total),SP.URB.TOTL.IN.ZS,84.843,84.871,84.898,84.925,84.952,84.979,85.006,85.033,85.06,85.086,85.1,85.15,85.25,85.36,85.566,85.856,86.098,86.293,86.487,86.654,86.795,86.957,87.142,87.292,87.41,87.526,87.642
Dominican Republic,DOM,Urban population (% of total),SP.URB.TOTL.IN.ZS,55.226,55.497,55.767,56.037,56.752,57.598,58.441,59.276,60.107,60.933,61.753,62.565,63.371,64.605,66.003,67.37,68.71,70.02,71.3,72.542,73.753,74.827,75.802,76.749,77.67,78.566,79.436
Algeria,DZA,Urban population (% of total),SP.URB.TOTL.IN.ZS,52.085,52.871,53.657,54.439,55.219,55.997,56.774,57.544,58.313,59.118,59.919,60.712,61.501,62.284,63.061,63.83,64.593,65.348,66.097,66.826,67.54,68.236,68.915,69.576,70.221,70.848,71.459
East Asia & Pacific (excluding high income),EAP,Urban population (% of total),SP.URB.TOTL.IN.ZS,28.10654214,28.88263153,29.68380789,30.49775202,31.32566098,32.1665226,33.02245919,33.88742438,34.76531875,35.65466141,36.56879734,37.59756594,38.70662477,39.82777142,40.95971941,42.09587533,43.20752254,44.30718832,45.41182576,46.51705364,47.62372879,48.66569869,49.67993612,50.68723234,51.69140417,52.69054433,53.68575936
Early-demographic dividend,EAR,Urban population (% of total),SP.URB.TOTL.IN.ZS,34.98052877,35.34918783,35.70195522,36.04895817,36.39558671,36.73809887,37.07480526,37.40699235,37.73663138,38.06297274,38.39368625,38.71716775,39.07800189,39.43731849,39.79913587,40.16671727,40.53968697,40.91652615,41.30159359,41.68976965,42.0802115,42.45854973,42.83695455,43.2190101,43.60611812,44.0054689,44.40754156
East Asia & Pacific,EAS,Urban population (% of total),SP.URB.TOTL.IN.ZS,33.96197623,34.65349094,35.35547225,36.07119531,36.80483347,37.55558406,38.31527744,39.07160818,39.84117504,40.61984859,41.42622549,42.41761508,43.50142152,44.58599026,45.67348336,46.75745706,47.81103243,48.84597522,49.88737711,50.91952955,51.94780292,52.87992304,53.77787152,54.66822399,55.55735106,56.44321924,57.32517397
Europe & Central Asia (excluding high income),ECA,Urban population (% of total),SP.URB.TOTL.IN.ZS,63.02839185,63.17900837,63.26974975,63.33062691,63.3983925,63.48082343,63.55145805,63.61940522,63.68975367,63.76625204,63.85199854,63.96730946,64.11187944,64.2881518,64.47177326,64.66032174,64.85071903,65.05017895,65.25072541,65.4416458,65.62045046,65.78246681,65.93600602,66.08988346,66.24732952,66.40955164,66.57786556
Europe & Central Asia,ECS,Urban population (% of total),SP.URB.TOTL.IN.ZS,67.59261674,67.72552079,67.83138003,67.92640122,68.03642329,68.15146103,68.26286815,68.36687951,68.47451014,68.58680555,68.71539352,68.86756815,69.0680338,69.27815434,69.48979581,69.70371224,69.91693126,70.13189662,70.34400292,70.5445036,70.7381687,70.91625717,71.09104548,71.26334351,71.43511712,71.61409137,71.79811114
Ecuador,ECU,Urban population (% of total),SP.URB.TOTL.IN.ZS,55.09,55.709,56.226,56.74,57.254,57.766,58.277,58.785,59.291,59.796,60.299,60.799,61.118,61.316,61.514,61.711,61.907,62.104,62.3,62.495,62.69,62.851,62.988,63.125,63.261,63.398,63.534
"Egypt, Arab Rep.",EGY,Urban population (% of total),SP.URB.TOTL.IN.ZS,43.478,43.345,43.212,43.079,42.946,42.814,42.681,42.658,42.704,42.75,42.797,42.843,42.889,42.935,42.981,43.027,43.073,43.078,43.058,43.039,43.019,43,42.946,42.893,42.839,42.785,42.732
Euro area,EMU,Urban population (% of total),SP.URB.TOTL.IN.ZS,71.22254277,71.38307323,71.53200829,71.69619843,71.87857507,72.05633387,72.23227511,72.40589547,72.57751739,72.75371521,72.94216643,73.14724501,73.39077869,73.64138617,73.8868795,74.12997029,74.36783191,74.59662821,74.82314807,75.05089082,75.2816983,75.5096499,75.72508897,75.93063767,76.12813798,76.33970204,76.5543109
Eritrea,ERI,Urban population (% of total),SP.URB.TOTL.IN.ZS,18.905,19.59,20.294,21.015,21.755,22.514,23.293,24.088,24.903,25.735,26.587,27.455,28.341,29.244,30.164,31.099,32.051,33.017,34,34.585,35.175,35.771,,,,,
Spain,ESP,Urban population (% of total),SP.URB.TOTL.IN.ZS,75.351,75.528,75.61,75.692,75.774,75.856,75.938,76.019,76.1,76.181,76.262,76.343,76.533,76.778,77.022,77.263,77.502,77.74,77.976,78.21,78.442,78.673,78.902,79.133,79.366,79.602,79.84
Estonia,EST,Urban population (% of total),SP.URB.TOTL.IN.ZS,71.231,71.046,70.86,70.674,70.487,70.3,70.111,69.923,69.733,69.543,69.368,69.242,69.116,68.989,68.862,68.735,68.607,68.479,68.351,68.223,68.094,67.965,67.974,68.122,68.269,68.416,68.563
Ethiopia,ETH,Urban population (% of total),SP.URB.TOTL.IN.ZS,12.621,12.867,13.116,13.37,13.627,13.827,14.006,14.186,14.369,14.553,14.74,14.927,15.118,15.31,15.504,15.7,15.899,16.116,16.51,16.91,17.319,17.735,18.16,18.575,18.998,19.428,19.866
European Union,EUU,Urban population (% of total),SP.URB.TOTL.IN.ZS,70.42201247,70.59135805,70.73343366,70.84831126,70.98084267,71.1106202,71.24612513,71.36879488,71.49575043,71.6216851,71.7712398,71.94255138,72.1806144,72.41238416,72.64115608,72.871079,73.09965921,73.33076413,73.56084414,73.78199637,74.00448632,74.22304591,74.42734248,74.624381,74.81731588,75.02261157,75.2333129
Fragile and conflict affected situations,FCS,Urban population (% of total),SP.URB.TOTL.IN.ZS,32.62136491,33.04340746,33.42128155,33.74981054,33.99171274,34.24640868,34.50869036,34.80055819,35.08459896,35.37278907,35.6565374,35.96144688,36.26192142,36.55285669,36.83064943,37.11694343,37.41238022,37.61968583,37.96764913,38.31850464,38.67915351,38.9822182,39.26264544,39.55355833,39.85591501,40.23597807,40.6216848
Finland,FIN,Urban population (% of total),SP.URB.TOTL.IN.ZS,79.367,79.843,80.128,80.409,80.688,80.963,81.223,81.466,81.707,81.946,82.183,82.368,82.503,82.638,82.772,82.905,83.037,83.168,83.299,83.429,83.77,84.313,84.841,85.125,85.175,85.225,85.275
Fiji,FJI,Urban population (% of total),SP.URB.TOTL.IN.ZS,41.611,42.381,43.156,43.933,44.713,45.496,46.282,46.732,47.123,47.515,47.908,48.3,48.692,49.085,49.479,49.871,50.264,50.657,51.146,51.658,52.171,52.683,53.196,53.706,54.216,54.726,55.235
France,FRA,Urban population (% of total),SP.URB.TOTL.IN.ZS,74.056,74.229,74.401,74.572,74.743,74.912,75.082,75.25,75.417,75.614,75.871,76.127,76.38,76.632,76.883,77.13,77.377,77.621,77.868,78.117,78.369,78.622,78.878,79.135,79.394,79.655,79.917
Faroe Islands,FRO,Urban population (% of total),SP.URB.TOTL.IN.ZS,30.594,31.154,31.872,32.596,33.33,34.071,34.822,35.354,35.654,35.86,36.337,37.175,38.022,38.714,39.247,39.781,40.147,40.341,40.536,40.731,40.926,41.088,41.225,41.363,41.501,41.638,41.777
"Micronesia, Fed. Sts.",FSM,Urban population (% of total),SP.URB.TOTL.IN.ZS,25.818,25.752,25.686,25.62,25.554,25.068,24.473,23.889,23.314,22.749,22.33,22.33,22.33,22.33,22.33,22.33,22.324,22.317,22.311,22.305,22.298,22.305,22.324,22.355,22.399,22.456,22.526
Gabon,GAB,Urban population (% of total),SP.URB.TOTL.IN.ZS,69.143,70.462,71.749,72.999,73.921,74.797,75.654,76.49,77.306,78.102,78.879,79.633,80.368,81.083,81.778,82.452,83.107,83.742,84.359,84.955,85.533,86.092,86.634,87.156,87.651,88.118,88.559
United Kingdom,GBR,Urban population (% of total),SP.URB.TOTL.IN.ZS,78.14,78.112,78.172,78.232,78.293,78.353,78.413,78.472,78.532,78.591,78.651,78.751,79.047,79.339,79.629,79.915,80.199,80.479,80.757,81.031,81.302,81.57,81.837,82.102,82.365,82.626,82.886
Georgia,GEO,Urban population (% of total),SP.URB.TOTL.IN.ZS,55.038,54.799,54.559,54.32,54.08,53.841,53.6,53.36,53.12,52.879,52.638,52.398,52.441,52.83,53.218,53.605,53.992,54.379,54.765,55.15,55.535,55.919,56.303,56.685,57.067,57.448,57.837
Ghana,GHA,Urban population (% of total),SP.URB.TOTL.IN.ZS,36.441,37.17,37.905,38.644,39.39,40.14,40.896,41.654,42.418,43.184,43.929,44.601,45.275,45.951,46.63,47.308,47.988,48.669,49.351,50.031,50.713,51.394,52.073,52.748,53.419,54.086,54.749
Gibraltar,GIB,Urban population (% of total),SP.URB.TOTL.IN.ZS,100,100,100,100,100,100,100,100,100,100,100,100,100,100,100,100,100,100,100,100,100,100,100,100,100,100,100
Guinea,GIN,Urban population (% of total),SP.URB.TOTL.IN.ZS,28.026,28.312,28.601,28.89,29.182,29.475,29.77,30.052,30.323,30.595,30.869,31.144,31.42,31.698,31.977,32.257,32.539,32.822,33.106,33.391,33.678,33.966,34.255,34.545,34.836,35.141,35.46
"Gambia, The",GMB,Urban population (% of total),SP.URB.TOTL.IN.ZS,38.312,39.41,40.52,41.586,42.472,43.362,44.258,45.155,46.057,46.961,47.868,48.775,49.683,50.555,51.288,52.02,52.751,53.481,54.211,54.937,55.662,56.384,57.105,57.82,58.528,59.228,59.918
Guinea-Bissau,GNB,Urban population (% of total),SP.URB.TOTL.IN.ZS,30.83,32.39,33.271,33.635,34.002,34.371,34.742,35.114,35.488,35.865,36.243,36.622,37.004,37.387,37.772,38.157,38.545,38.934,39.325,39.716,40.111,40.508,40.908,41.31,41.715,42.123,42.533
Equatorial Guinea,GNQ,Urban population (% of total),SP.URB.TOTL.IN.ZS,34.745,35.748,36.766,37.792,38.831,40.494,42.187,43.893,45.616,47.35,49.092,50.832,52.573,54.307,56.033,57.74,59.431,61.1,62.745,64.358,65.94,67.488,69,69.544,70.083,70.616,71.138
Greece,GRC,Urban population (% of total),SP.URB.TOTL.IN.ZS,71.467,71.635,71.757,71.878,71.998,72.119,72.239,72.358,72.478,72.597,72.716,72.913,73.303,73.689,74.073,74.452,74.827,75.199,75.568,75.932,76.292,76.649,77.004,77.355,77.702,78.046,78.387
Grenada,GRD,Urban population (% of total),SP.URB.TOTL.IN.ZS,33.427,33.503,33.744,33.985,34.227,34.47,34.714,34.959,35.204,35.45,35.698,35.919,35.913,35.907,35.901,35.895,35.889,35.883,35.877,35.871,35.865,35.859,35.869,35.896,35.938,35.997,36.072
Greenland,GRL,Urban population (% of total),SP.URB.TOTL.IN.ZS,79.698,80.033,80.301,80.503,80.703,80.902,81.1,81.226,81.351,81.476,81.6,81.849,82.095,82.338,82.58,82.858,83.172,83.482,83.787,84.087,84.383,84.755,85.2,85.551,85.813,86.071,86.326
Guatemala,GTM,Urban population (% of total),SP.URB.TOTL.IN.ZS,41.992,42.323,42.655,42.987,43.32,43.654,43.989,44.323,44.659,44.995,45.332,45.668,46.005,46.318,46.616,46.913,47.21,47.508,47.807,48.104,48.403,48.701,49,49.311,49.634,49.971,50.319
Guam,GUM,Urban population (% of total),SP.URB.TOTL.IN.ZS,90.796,91.061,91.32,91.571,91.816,92.055,92.287,92.513,92.733,92.946,93.129,93.233,93.334,93.435,93.534,93.631,93.727,93.822,93.916,94.008,94.099,94.188,94.277,94.364,94.449,94.534,94.617
Guyana,GUY,Urban population (% of total),SP.URB.TOTL.IN.ZS,29.583,29.493,29.404,29.315,29.226,29.137,29.048,28.959,28.871,28.782,28.694,28.606,28.518,28.307,28.064,27.822,27.582,27.343,27.105,26.869,26.634,26.4,26.4,26.4,26.414,26.441,26.482
High income,HIC,Urban population (% of total),SP.URB.TOTL.IN.ZS,74.6622312,74.94394951,75.1512195,75.39927504,75.65496872,75.93860313,76.1818597,76.40859499,76.63871606,76.86380752,77.08814601,77.41919768,77.80348625,78.16449064,78.51441686,78.85174599,79.16248995,79.45640526,79.7421839,80.01768195,80.28654437,80.49487158,80.66880196,80.83766748,81.00503055,81.17732578,81.35089665
"Hong Kong SAR, China",HKG,Urban population (% of total),SP.URB.TOTL.IN.ZS,99.517,99.832,99.979,100,100,100,100,100,100,100,100,100,100,100,100,100,100,100,100,100,100,100,100,100,100,100,100
Honduras,HND,Urban population (% of total),SP.URB.TOTL.IN.ZS,40.46,40.953,41.448,41.943,42.441,42.941,43.442,43.944,44.447,44.952,45.458,45.964,46.61,47.267,47.927,48.585,49.245,49.905,50.566,51.225,51.885,52.543,53.202,53.858,54.514,55.165,55.813
Heavily indebted poor countries (HIPC),HPC,Urban population (% of total),SP.URB.TOTL.IN.ZS,25.40198192,25.82613855,26.23842577,26.62111923,26.93526414,27.23446109,27.52421462,27.82387656,28.11053508,28.39649424,28.68428355,29.00722396,29.34127414,29.68926199,30.03501784,30.39922253,30.77257321,31.08446436,31.5161886,31.95156825,32.39325177,32.84020885,33.27111417,33.70384798,34.14314989,34.5907775,35.04634877
Croatia,HRV,Urban population (% of total),SP.URB.TOTL.IN.ZS,51.037,51.357,51.588,51.818,52.048,52.279,52.509,52.739,52.968,53.198,53.428,53.642,53.81,53.979,54.147,54.315,54.483,54.651,54.819,54.987,55.155,55.322,55.506,55.706,55.923,56.155,56.403
Haiti,HTI,Urban population (% of total),SP.URB.TOTL.IN.ZS,28.51,29.641,30.8,31.39,31.987,32.59,33.2,33.792,34.389,34.992,35.6,37.251,38.935,40.645,41.679,42.638,43.604,44.574,45.551,46.528,47.509,48.492,49.477,50.46,51.444,52.427,53.396
Hungary,HUN,Urban population (% of total),SP.URB.TOTL.IN.ZS,65.838,65.713,65.587,65.461,65.335,65.209,65.083,64.956,64.829,64.702,64.575,64.67,65.081,65.489,65.896,66.365,66.895,67.421,67.943,68.46,68.911,69.358,69.678,69.953,70.227,70.5,70.779
IBRD only,IBD,Urban population (% of total),SP.URB.TOTL.IN.ZS,38.4316037,38.9316942,39.43388843,39.93998377,40.44965915,40.96058018,41.47273627,41.99161736,42.51852137,43.05099979,43.59251307,44.18388846,44.82987623,45.48472014,46.14636169,46.81284846,47.4682873,48.11893171,48.77274674,49.4278239,50.0848431,50.71714562,51.34134024,51.96495106,52.58861184,53.20959608,53.82882402
IDA & IBRD total,IBT,Urban population (% of total),SP.URB.TOTL.IN.ZS,35.95040226,36.40425433,36.85516286,37.30550201,37.75149972,38.19730372,38.64355104,39.09578375,39.55189003,40.00958385,40.47375733,40.98963518,41.5507607,42.1183498,42.69064956,43.26844673,43.83838515,44.39803009,44.97223124,45.54725769,46.12290992,46.67173016,47.20957853,47.74634276,48.28361694,48.8248496,49.36543689
IDA total,IDA,Urban population (% of total),SP.URB.TOTL.IN.ZS,25.6995548,26.07706229,26.44069168,26.79118021,27.10993886,27.42677124,27.74519746,28.06856612,28.38505424,28.69478842,29.01306309,29.39765867,29.80218831,30.21144874,30.62466738,31.05125783,31.48724871,31.90137366,32.37334226,32.8482596,33.32818195,33.77825472,34.20841743,34.64071356,35.08066462,35.55062042,36.02743708
IDA blend,IDB,Urban population (% of total),SP.URB.TOTL.IN.ZS,30.61760837,30.97421412,31.33467972,31.68555326,32.03569888,32.38838651,32.74726795,33.10507989,33.45724637,33.79334462,34.1402362,34.59257611,35.05083419,35.49717117,35.94730495,36.40431529,36.86965951,37.34269388,37.82245905,38.30595109,38.80262009,39.27679292,39.72211559,40.16840228,40.61764298,41.06994948,41.52388033
Indonesia,IDN,Urban population (% of total),SP.URB.TOTL.IN.ZS,30.584,31.613,32.703,33.808,34.933,36.076,37.235,38.406,39.593,40.792,42.002,42.783,43.568,44.356,45.149,45.942,46.738,47.535,48.335,49.134,49.914,50.595,51.276,51.955,52.635,53.313,53.989
IDA only,IDX,Urban population (% of total),SP.URB.TOTL.IN.ZS,23.20342462,23.5937024,23.96260097,24.31761945,24.62589513,24.92992302,25.23220884,25.54190696,25.84428337,26.14588244,26.45499977,26.8118644,27.19618947,27.59359643,27.9943588,28.41051466,28.83531138,29.22228479,29.69094212,30.16110495,30.62948234,31.06378236,31.48406172,31.90671967,32.33943853,32.81607167,33.30289593
Isle of Man,IMN,Urban population (% of total),SP.URB.TOTL.IN.ZS,51.746,51.745,51.754,51.764,51.773,51.783,51.792,51.8,51.808,51.815,51.823,51.833,51.851,51.869,51.887,51.905,51.922,51.94,51.958,51.976,51.994,52.012,52.046,52.096,52.162,52.245,52.343
India,IND,Urban population (% of total),SP.URB.TOTL.IN.ZS,25.547,25.778,25.984,26.191,26.399,26.607,26.817,27.028,27.24,27.453,27.667,27.918,28.244,28.572,28.903,29.235,29.569,29.906,30.246,30.587,30.93,31.276,31.634,32.003,32.384,32.777,33.182
Not classified,INX,Urban population (% of total),SP.URB.TOTL.IN.ZS,,,,,,,,,,,,,,,,,,,,,,,,,,,
Ireland,IRL,Urban population (% of total),SP.URB.TOTL.IN.ZS,56.929,57.073,57.293,57.512,57.731,57.949,58.173,58.419,58.664,58.91,59.155,59.399,59.649,59.925,60.202,60.477,60.738,60.94,61.141,61.342,61.542,61.742,61.942,62.141,62.34,62.538,62.737
"Iran, Islamic Rep.",IRN,Urban population (% of total),SP.URB.TOTL.IN.ZS,56.33,56.865,57.653,58.519,59.38,60.236,61.087,61.853,62.588,63.318,64.042,64.758,65.468,66.172,66.869,67.558,68.239,68.864,69.458,70.045,70.626,71.2,71.755,72.295,72.83,73.358,73.88
Iraq,IRQ,Urban population (% of total),SP.URB.TOTL.IN.ZS,69.706,69.522,69.337,69.152,68.966,68.78,68.593,68.405,68.388,68.442,68.496,68.55,68.604,68.658,68.712,68.766,68.819,68.873,68.927,68.98,69.103,69.268,69.432,69.595,69.758,69.921,70.094
Iceland,ISL,Urban population (% of total),SP.URB.TOTL.IN.ZS,90.75,90.932,91.112,91.287,91.46,91.63,91.797,91.96,92.121,92.267,92.401,92.532,92.662,92.789,92.914,93.037,93.159,93.278,93.395,93.511,93.574,93.587,93.6,93.633,93.667,93.7,93.735
Israel,ISR,Urban population (% of total),SP.URB.TOTL.IN.ZS,90.359,90.463,90.565,90.666,90.767,90.866,90.943,91.009,91.074,91.139,91.203,91.267,91.33,91.393,91.456,91.518,91.58,91.641,91.702,91.763,91.826,91.892,91.96,92.031,92.104,92.179,92.256
Italy,ITA,Urban population (% of total),SP.URB.TOTL.IN.ZS,66.726,66.706,66.742,66.802,66.862,66.922,66.982,67.042,67.102,67.162,67.222,67.282,67.382,67.501,67.62,67.738,67.856,67.974,68.092,68.209,68.327,68.444,68.684,68.979,69.272,69.565,69.855
Jamaica,JAM,Urban population (% of total),SP.URB.TOTL.IN.ZS,49.444,49.656,49.896,50.136,50.375,50.615,50.855,51.095,51.335,51.574,51.814,52.053,52.251,52.437,52.625,52.811,52.998,53.184,53.371,53.557,53.743,53.93,54.132,54.35,54.584,54.833,55.098
Jordan,JOR,Urban population (% of total),SP.URB.TOTL.IN.ZS,73.291,74.455,75.586,76.68,77.74,78.207,78.22,78.232,78.245,78.258,78.27,78.283,78.296,78.308,78.321,79.485,80.97,82.371,83.692,84.928,86.088,87.172,88.185,89.125,90,90.256,90.506
Japan,JPN,Urban population (% of total),SP.URB.TOTL.IN.ZS,77.339,77.473,77.61,77.746,77.881,78.016,78.145,78.272,78.398,78.523,78.649,79.99,81.647,83.196,84.64,85.978,87.118,88.146,89.103,89.989,90.812,91.069,91.148,91.226,91.304,91.381,91.457
Kazakhstan,KAZ,Urban population (% of total),SP.URB.TOTL.IN.ZS,56.266,56.175,56.083,55.992,55.9,55.921,55.943,55.964,55.986,56.025,56.098,56.171,56.244,56.317,56.39,56.463,56.536,56.609,56.682,56.755,56.827,56.9,56.973,57.046,57.118,57.191,57.264
Kenya,KEN,Urban population (% of total),SP.URB.TOTL.IN.ZS,16.748,17.043,17.342,17.645,17.952,18.263,18.579,18.898,19.222,19.55,19.892,20.239,20.591,20.948,21.31,21.675,22.045,22.42,22.8,23.183,23.571,23.969,24.376,24.794,25.221,25.658,26.105
Kyrgyz Republic,KGZ,Urban population (% of total),SP.URB.TOTL.IN.ZS,37.777,37.49,37.203,36.918,36.633,36.349,36.066,35.785,35.504,35.3,35.298,35.296,35.295,35.293,35.292,35.29,35.289,35.287,35.285,35.284,35.306,35.352,35.423,35.517,35.635,35.777,35.944
Cambodia,KHM,Urban population (% of total),SP.URB.TOTL.IN.ZS,15.546,15.887,16.234,16.587,16.946,17.311,17.683,18.06,18.355,18.47,18.586,18.703,18.82,18.937,19.055,19.174,19.293,19.413,19.571,19.93,20.294,20.663,21.037,21.415,21.799,22.188,22.582
Kiribati,KIR,Urban population (% of total),SP.URB.TOTL.IN.ZS,34.987,35.272,35.555,35.839,36.123,36.409,37.386,38.752,40.138,41.54,42.958,43.473,43.492,43.512,43.532,43.551,44.03,44.866,45.706,46.547,47.39,48.235,49.082,49.927,50.773,51.619,52.45
St. Kitts and Nevis,KNA,Urban population (% of total),SP.URB.TOTL.IN.ZS,34.609,34.474,34.283,34.093,33.904,33.715,33.526,33.339,33.151,32.965,32.778,32.598,32.455,32.312,32.17,32.028,31.886,31.744,31.603,31.463,31.322,31.182,31.062,30.964,30.885,30.827,30.79
"Korea, Rep.",KOR,Urban population (% of total),SP.URB.TOTL.IN.ZS,73.844,74.972,75.82,76.645,77.452,78.239,78.662,78.905,79.145,79.384,79.621,79.94,80.299,80.652,81.002,81.345,81.528,81.631,81.733,81.835,81.936,81.923,81.851,81.779,81.707,81.634,81.562
Kuwait,KWT,Urban population (% of total),SP.URB.TOTL.IN.ZS,97.974,97.988,98.002,98.016,98.029,98.096,98.325,98.527,98.705,98.862,99,99.908,100,100,100,100,100,100,100,100,100,100,100,100,100,100,100
Latin America & Caribbean (excluding high income),LAC,Urban population (% of total),SP.URB.TOTL.IN.ZS,68.70350137,69.27139005,69.82192381,70.35123891,70.88617949,71.41610162,71.92086821,72.43600409,72.94609041,73.43843553,73.9276378,74.31984439,74.67935563,75.03509093,75.37490006,75.70805232,76.03760214,76.36315523,76.68157373,76.9915577,77.29805704,77.60228379,77.90081499,78.19281283,78.48122076,78.76593263,79.04655331
Lao PDR,LAO,Urban population (% of total),SP.URB.TOTL.IN.ZS,15.437,15.782,16.133,16.49,16.854,17.378,18.234,19.12,20.039,20.991,21.977,22.993,24.044,25.126,26.242,27.186,27.748,28.316,28.893,29.475,30.064,30.66,31.264,31.872,32.487,33.108,33.736
Lebanon,LBN,Urban population (% of total),SP.URB.TOTL.IN.ZS,83.12,83.472,83.818,84.157,84.491,84.82,85.142,85.459,85.77,85.885,86,86.118,86.24,86.366,86.494,86.627,86.762,86.901,87.042,87.187,87.334,87.484,87.636,87.79,87.947,88.106,88.266
Liberia,LBR,Urban population (% of total),SP.URB.TOTL.IN.ZS,55.422,58,55.019,52.009,48.981,45.96,42.964,43.304,43.646,43.988,44.331,44.673,45.017,45.361,45.706,46.051,46.396,46.742,47.088,47.445,47.813,48.193,48.583,48.985,49.397,49.82,50.254
Libya,LBY,Urban population (% of total),SP.URB.TOTL.IN.ZS,75.723,75.777,75.832,75.886,75.94,75.994,76.048,76.114,76.193,76.284,76.387,76.502,76.629,76.768,76.919,77.08,77.253,77.437,77.632,77.837,78.052,78.277,78.512,78.756,79.009,79.27,79.54
St. Lucia,LCA,Urban population (% of total),SP.URB.TOTL.IN.ZS,29.349,29.572,29.369,29.167,28.965,28.765,28.565,28.366,28.168,27.971,27.774,27.473,26.329,25.216,24.133,23.085,22.068,21.084,20.131,19.213,18.45,18.45,18.45,18.461,18.482,18.515,18.558
Latin America & Caribbean,LCN,Urban population (% of total),SP.URB.TOTL.IN.ZS,70.68137035,71.20463605,71.70460602,72.19144154,72.68336767,73.17081617,73.6366123,74.11119235,74.58234837,75.03646981,75.48691337,75.84813618,76.17936127,76.50206222,76.81089538,77.11362201,77.41294639,77.70856121,77.99809352,78.28037713,78.55981963,78.83609112,79.10693285,79.3723813,79.63479272,79.89425201,80.15049601
Least developed countries: UN classification,LDC,Urban population (% of total),SP.URB.TOTL.IN.ZS,21.50198168,21.92907341,22.33508712,22.72801925,23.06998739,23.39472113,23.71603945,24.0447817,24.36599361,24.68752186,25.01698265,25.40225494,25.81960684,26.2522342,26.68633091,27.13347166,27.57434472,27.97123582,28.45785072,28.9527539,29.45526449,29.96427518,30.46234788,30.962802,31.46930518,31.98212895,32.50140798
Low income,LIC,Urban population (% of total),SP.URB.TOTL.IN.ZS,23.7587041,24.09565139,24.42597012,24.73754036,25.02539135,25.29929241,25.56371587,25.83811939,26.10047043,26.36402982,26.63678248,26.93571784,27.22510215,27.51853081,27.81195053,28.1287573,28.45987995,28.7318066,29.12521297,29.51724274,29.90471052,30.23909781,30.5519582,30.86907374,31.20194875,31.60027419,32.01414798
Liechtenstein,LIE,Urban population (% of total),SP.URB.TOTL.IN.ZS,16.928,16.821,16.736,16.651,16.566,16.482,16.29,15.994,15.702,15.414,15.13,14.962,14.906,14.85,14.795,14.739,14.684,14.629,14.574,14.519,14.464,14.41,14.367,14.334,14.313,14.303,14.303
Sri Lanka,LKA,Urban population (% of total),SP.URB.TOTL.IN.ZS,18.535,18.52,18.504,18.489,18.473,18.458,18.442,18.427,18.411,18.396,18.38,18.365,18.349,18.334,18.319,18.303,18.288,18.272,18.257,18.242,18.226,18.211,18.196,18.198,18.218,18.256,18.311
Lower middle income,LMC,Urban population (% of total),SP.URB.TOTL.IN.ZS,29.73354909,30.06328828,30.38473957,30.70484804,31.01199424,31.31144568,31.61460121,31.92373491,32.23634803,32.54799738,32.86862707,33.19538324,33.57362653,33.95973746,34.35281728,34.75274343,35.1549098,35.56210179,35.97593243,36.39557696,36.8210704,37.24663083,37.674549,38.10877164,38.54870038,38.99647568,39.449864
Low & middle income,LMY,Urban population (% of total),SP.URB.TOTL.IN.ZS,35.32654453,35.79037146,36.25060993,36.70883268,37.16286333,37.61646517,38.07100612,38.53082025,38.99452277,39.45922656,39.93252564,40.45626095,41.02604945,41.60368316,42.18570533,42.77304403,43.35220301,43.92072203,44.50382383,45.08799529,45.67322191,46.23119332,46.77801767,47.32362554,47.86961332,48.41947717,48.96843893
Lesotho,LSO,Urban population (% of total),SP.URB.TOTL.IN.ZS,13.967,14.527,15.106,15.703,16.319,16.955,17.571,18.049,18.538,19.038,19.548,20.067,20.597,21.137,21.689,22.249,22.82,23.304,23.796,24.293,24.798,25.31,25.704,26.101,26.502,26.908,27.317
Late-demographic dividend,LTE,Urban population (% of total),SP.URB.TOTL.IN.ZS,38.78201278,39.41035038,39.99226799,40.64589689,41.30929933,42.02706295,42.70933237,43.40844398,44.12384591,44.85407261,45.60632022,46.48401934,47.43454017,48.40306468,49.38792869,50.3847518,51.36717663,52.34513638,53.33067972,54.31723051,55.30470924,56.23672801,57.14381851,58.04311331,58.93786369,59.82685478,60.70961953
Lithuania,LTU,Urban population (% of total),SP.URB.TOTL.IN.ZS,67.583,67.523,67.464,67.404,67.345,67.285,67.225,67.166,67.106,67.046,66.986,66.919,66.828,66.737,66.646,66.635,66.706,66.777,66.848,66.842,66.757,66.741,66.864,66.986,67.108,67.23,67.366
Luxembourg,LUX,Urban population (% of total),SP.URB.TOTL.IN.ZS,80.947,81.13,81.528,81.857,82.482,82.893,82.825,82.779,82.893,83.448,84.216,84.843,85.299,85.743,86.177,86.598,87.009,87.409,87.8,88.178,88.547,88.906,89.249,89.574,89.884,90.179,90.46
Latvia,LVA,Urban population (% of total),SP.URB.TOTL.IN.ZS,69.25,69.201,68.852,68.799,68.901,68.75,68.65,68.6,68.451,68.22,68.067,67.95,67.85,67.8,67.9,68,67.967,67.9,67.834,67.814,67.841,67.869,67.897,67.925,67.952,67.98,68.021
"Macao SAR, China",MAC,Urban population (% of total),SP.URB.TOTL.IN.ZS,99.763,99.805,99.839,99.867,99.891,99.91,99.98,100,100,100,100,100,100,100,100,100,100,100,100,100,100,100,100,100,100,100,100
St. Martin (French part),MAF,Urban population (% of total),SP.URB.TOTL.IN.ZS,,,,,,,,,,,,,,,,,,,,,,,,,,,
Morocco,MAR,Urban population (% of total),SP.URB.TOTL.IN.ZS,48.391,49.117,49.844,50.569,51.295,51.692,52.022,52.35,52.678,53.007,53.335,53.662,53.99,54.317,54.644,55.174,55.746,56.317,56.886,57.452,58.018,58.581,59.142,59.7,60.256,60.809,61.36
Monaco,MCO,Urban population (% of total),SP.URB.TOTL.IN.ZS,100,100,100,100,100,100,100,100,100,100,100,100,100,100,100,100,100,100,100,100,100,100,100,100,100,100,100
Moldova,MDA,Urban population (% of total),SP.URB.TOTL.IN.ZS,46.762,46.669,46.575,46.481,46.387,46.294,46.2,45.797,45.394,44.992,44.589,44.189,43.789,43.389,42.99,42.775,42.744,42.713,42.682,42.651,42.62,42.589,42.558,42.527,42.496,42.49,42.511
Madagascar,MDG,Urban population (% of total),SP.URB.TOTL.IN.ZS,23.566,24.119,24.681,25.251,25.536,25.796,26.058,26.321,26.586,26.853,27.121,27.391,27.663,27.936,28.211,28.814,29.425,30.043,30.67,31.301,31.938,32.58,33.227,33.878,34.534,35.193,35.856
Maldives,MDV,Urban population (% of total),SP.URB.TOTL.IN.ZS,25.84,25.776,25.713,25.649,25.586,25.638,26.008,26.379,26.755,27.134,27.706,28.859,30.042,31.252,32.49,33.75,34.794,35.2,35.61,36.021,36.434,36.849,37.267,37.685,38.106,38.529,38.954
Middle East & North Africa,MEA,Urban population (% of total),SP.URB.TOTL.IN.ZS,54.83578758,55.20239521,55.29092109,55.70240743,56.09504814,56.66849725,56.99305131,57.3357979,57.70331127,58.08154409,58.46009075,58.83825102,59.20836022,59.57888625,59.95851171,60.38411482,60.82874349,61.26058886,61.68514962,62.10911407,62.52775787,62.87250001,63.20736929,63.53571701,63.85459157,64.22109285,64.56716351
Mexico,MEX,Urban population (% of total),SP.URB.TOTL.IN.ZS,71.419,71.816,72.209,72.598,72.985,73.368,73.67,73.929,74.186,74.441,74.722,75.045,75.365,75.682,75.997,76.308,76.616,76.92,77.222,77.52,77.815,78.111,78.405,78.699,78.993,79.285,79.577
Marshall Islands,MHL,Urban population (% of total),SP.URB.TOTL.IN.ZS,65.054,65.392,65.728,66.063,66.396,66.727,67.058,67.385,67.712,68.053,68.58,69.101,69.618,70.13,70.637,71.138,71.635,72.126,72.613,73.093,73.568,74.038,74.498,74.946,75.384,75.811,76.228
Middle income,MIC,Urban population (% of total),SP.URB.TOTL.IN.ZS,36.37297672,36.86014424,37.34575275,37.83211782,38.31677298,38.80260463,39.29054001,39.78355899,40.28280203,40.78446119,41.29636111,41.86307739,42.48346134,43.11381161,43.75071729,44.39253658,45.02535824,45.6547305,46.28760642,46.92224685,47.55888592,48.17154005,48.77470358,49.37664257,49.97826515,50.57748278,51.17502693
"Macedonia, FYR",MKD,Urban population (% of total),SP.URB.TOTL.IN.ZS,57.789,58.234,58.764,59.291,59.794,59.587,59.38,59.172,58.965,58.757,58.548,58.339,58.13,57.921,57.711,57.532,57.383,57.264,57.175,57.117,57.089,57.092,57.125,57.189,57.284,57.408,57.563
Mali,MLI,Urban population (% of total),SP.URB.TOTL.IN.ZS,23.322,23.751,24.186,24.624,25.069,25.519,25.975,26.434,26.948,27.646,28.356,29.075,29.806,30.547,31.3,32.06,32.832,33.612,34.403,35.2,35.999,36.799,37.599,38.398,39.196,39.991,40.783
Malta,MLT,Urban population (% of total),SP.URB.TOTL.IN.ZS,90.381,90.497,90.611,90.723,90.835,90.946,91.181,91.492,91.793,92.085,92.368,92.641,92.905,93.16,93.407,93.645,93.784,93.857,93.929,94.001,94.072,94.141,94.211,94.279,94.347,94.414,94.48
Myanmar,MMR,Urban population (% of total),SP.URB.TOTL.IN.ZS,25.243,25.418,25.593,25.769,25.946,26.124,26.303,26.482,26.663,26.843,27.025,27.208,27.391,27.575,27.76,27.946,28.132,28.319,28.507,28.695,28.885,29.075,29.266,29.457,29.65,29.858,30.082
Middle East & North Africa (excluding high income),MNA,Urban population (% of total),SP.URB.TOTL.IN.ZS,51.65978975,51.98346928,52.36620818,52.76575842,53.16285328,53.51003995,53.8444307,54.18987828,54.557798,54.93182965,55.30258041,55.6679613,56.0301364,56.38769591,56.73981181,57.12566767,57.51674544,57.88141588,58.23425224,58.58959954,58.95703241,59.25002471,59.54075066,59.83479338,60.12570073,60.47820962,60.81329834
Montenegro,MNE,Urban population (% of total),SP.URB.TOTL.IN.ZS,48.037,49.165,50.218,51.267,52.317,53.365,54.412,55.451,56.488,57.518,58.544,59.559,60.568,61.568,62.127,62.465,62.803,63.139,63.475,63.808,64.14,64.472,64.804,65.137,65.471,65.806,66.141
Mongolia,MNG,Urban population (% of total),SP.URB.TOTL.IN.ZS,57.033,56.987,56.942,56.896,56.851,56.805,56.76,56.714,56.669,56.623,57.133,58.222,59.304,60.378,61.443,62.494,63.535,64.564,65.581,66.58,67.567,67.963,68.03,68.097,68.163,68.23,68.297
Northern Mariana Islands,MNP,Urban population (% of total),SP.URB.TOTL.IN.ZS,89.731,89.697,89.662,89.627,89.592,89.557,89.655,89.784,89.912,90.038,90.152,90.235,90.316,90.398,90.478,90.558,90.638,90.716,90.795,90.872,90.949,91.028,91.108,91.19,91.273,91.357,91.443
Mozambique,MOZ,Urban population (% of total),SP.URB.TOTL.IN.ZS,25,25.487,25.98,26.479,26.984,27.495,28.013,28.535,28.742,28.92,29.098,29.277,29.457,29.637,29.818,29.999,30.182,30.364,30.832,31.328,31.83,32.336,32.846,33.36,33.878,34.4,34.926
Mauritania,MRT,Urban population (% of total),SP.URB.TOTL.IN.ZS,39.323,39.199,39.075,38.952,38.829,38.705,38.582,38.459,38.337,38.214,38.091,38.616,39.48,40.351,41.229,42.111,42.998,43.89,44.788,45.686,46.588,47.493,48.4,49.306,50.203,51.089,51.962
Mauritius,MUS,Urban population (% of total),SP.URB.TOTL.IN.ZS,43.9,43.777,43.653,43.53,43.407,43.284,43.161,43.038,42.916,42.793,42.67,42.559,42.447,42.335,42.223,42.112,42,41.889,41.777,41.666,41.555,41.444,41.332,41.222,41.111,41,40.91
Malawi,MWI,Urban population (% of total),SP.URB.TOTL.IN.ZS,11.56,11.885,12.218,12.558,12.907,13.263,13.629,14.002,14.384,14.522,14.61,14.698,14.786,14.875,14.964,15.054,15.144,15.235,15.326,15.429,15.544,15.672,15.812,15.966,16.132,16.313,16.506
Malaysia,MYS,Urban population (% of total),SP.URB.TOTL.IN.ZS,49.794,50.576,51.814,53.109,54.402,55.688,56.969,58.237,59.496,60.742,61.977,62.922,63.856,64.78,65.694,66.594,67.483,68.36,69.225,70.075,70.912,71.609,72.275,72.93,73.577,74.213,74.84
North America,NAC,Urban population (% of total),SP.URB.TOTL.IN.ZS,75.43368281,75.79816497,76.18094154,76.55908612,76.93337583,77.30309116,77.67174204,78.04528452,78.41558663,78.78177063,79.10252488,79.29474129,79.460145,79.62481018,79.78933614,79.95104481,80.11409633,80.28532954,80.45557911,80.62475222,80.79198514,80.96264009,81.12430079,81.29035628,81.45982057,81.63298991,81.80863987
Namibia,NAM,Urban population (% of total),SP.URB.TOTL.IN.ZS,27.656,27.919,28.336,28.823,29.316,29.813,30.316,30.823,31.335,31.851,32.373,32.898,33.766,34.709,35.666,36.632,37.61,38.598,39.597,40.601,41.616,42.637,43.693,44.756,45.826,46.9,47.961
New Caledonia,NCL,Urban population (% of total),SP.URB.TOTL.IN.ZS,59.577,59.719,59.862,60.004,60.146,60.288,60.475,60.838,61.199,61.559,61.919,62.276,62.632,62.987,63.341,63.965,64.638,65.306,65.969,66.624,67.102,67.565,68.024,68.479,68.931,69.379,69.821
Niger,NER,Urban population (% of total),SP.URB.TOTL.IN.ZS,15.368,15.449,15.529,15.61,15.691,15.773,15.855,15.937,16.02,16.103,16.186,16.26,16.255,16.251,16.247,16.242,16.238,16.234,16.229,16.225,16.221,16.216,16.212,16.208,16.219,16.247,16.29
Nigeria,NGA,Urban population (% of total),SP.URB.TOTL.IN.ZS,29.68,30.176,30.677,31.182,31.691,32.205,32.725,33.247,33.773,34.304,34.84,35.669,36.508,37.356,38.212,39.074,39.943,40.819,41.702,42.588,43.48,44.366,45.246,46.118,46.982,47.838,48.683
Nicaragua,NIC,Urban population (% of total),SP.URB.TOTL.IN.ZS,53.075,53.352,53.63,53.907,54.183,54.437,54.587,54.737,54.886,55.036,55.185,55.335,55.484,55.633,55.782,55.935,56.132,56.328,56.525,56.721,56.917,57.113,57.309,57.505,57.7,57.895,58.09
Netherlands,NLD,Urban population (% of total),SP.URB.TOTL.IN.ZS,68.684,69.329,70.223,71.1,71.962,72.809,73.64,74.453,75.25,76.03,76.795,77.83,79.113,80.341,81.514,82.63,83.636,84.539,85.402,86.288,87.134,87.879,88.588,89.187,89.69,90.173,90.635
Norway,NOR,Urban population (% of total),SP.URB.TOTL.IN.ZS,71.956,72.265,72.665,73.061,73.453,73.787,74.062,74.476,75.027,75.569,76.02,76.378,76.733,77.084,77.399,77.675,77.95,78.234,78.526,78.815,79.102,79.455,79.874,80.286,80.692,81.091,81.485
Nepal,NPL,Urban population (% of total),SP.URB.TOTL.IN.ZS,8.854,9.18,9.582,9.999,10.433,10.883,11.35,11.834,12.336,12.857,13.397,13.947,14.24,14.538,14.841,15.149,15.462,15.781,16.105,16.434,16.768,17.108,17.458,17.815,18.182,18.557,18.942
Nauru,NRU,Urban population (% of total),SP.URB.TOTL.IN.ZS,100,100,100,100,100,100,100,100,100,100,100,100,100,100,100,100,100,100,100,100,100,100,100,100,100,100,100
New Zealand,NZL,Urban population (% of total),SP.URB.TOTL.IN.ZS,84.742,84.95,85.103,85.254,85.404,85.553,85.7,85.781,85.861,85.941,86.021,86.1,86.161,86.221,86.281,86.341,86.4,86.34,86.28,86.22,86.16,86.1,86.161,86.221,86.281,86.341,86.4
OECD members,OED,Urban population (% of total),SP.URB.TOTL.IN.ZS,73.2139425,73.49192887,73.75024703,74.01294387,74.28133902,74.54775548,74.7910469,75.02423575,75.25646111,75.4891642,75.72036753,76.06462318,76.46424638,76.84411612,77.20852058,77.55836611,77.88085841,78.18511446,78.48057096,78.76698935,79.0468928,79.26406124,79.451371,79.63584232,79.81953419,80.00809714,80.19890062
Oman,OMN,Urban population (% of total),SP.URB.TOTL.IN.ZS,66.102,67.796,69.447,71.044,71.688,71.669,71.649,71.629,71.609,71.589,71.569,71.549,71.529,71.509,71.827,72.4,72.967,73.527,74.08,74.624,75.161,76.183,77.564,78.882,80.145,81.35,82.5
Other small states,OSS,Urban population (% of total),SP.URB.TOTL.IN.ZS,45.48970417,46.16636674,46.57981957,46.91990526,47.25663658,47.63906346,48.06135236,48.50266014,48.947381,49.42767895,49.93171592,50.44018429,50.95558605,51.5052909,52.10874258,52.79501559,53.55478527,54.44688741,55.36841898,56.2452074,57.04849278,57.77090586,58.39200445,58.93643864,59.45658124,59.9628182,60.45374414
Pakistan,PAK,Urban population (% of total),SP.URB.TOTL.IN.ZS,30.576,30.826,31.077,31.329,31.582,31.836,32.092,32.348,32.585,32.783,32.982,33.18,33.38,33.58,33.781,33.982,34.184,34.387,34.59,34.793,34.997,35.202,35.408,35.613,35.819,36.026,36.234
Panama,PAN,Urban population (% of total),SP.URB.TOTL.IN.ZS,53.903,54.757,55.609,56.456,57.301,58.141,58.978,59.807,60.632,61.451,62.198,62.497,62.794,63.091,63.387,63.682,63.976,64.268,64.56,64.851,65.14,65.437,65.741,66.052,66.371,66.696,67.027
Peru,PER,Urban population (% of total),SP.URB.TOTL.IN.ZS,68.901,69.3,69.697,70.089,70.521,70.951,71.377,71.798,72.216,72.631,73.042,73.448,73.85,74.249,74.644,75.034,75.421,75.803,76.052,76.241,76.43,76.617,76.804,76.989,77.173,77.357,77.539
Philippines,PHL,Urban population (% of total),SP.URB.TOTL.IN.ZS,46.986,46.901,46.815,46.73,46.645,46.56,46.475,46.39,46.305,46.22,46.135,46.05,45.965,45.88,45.795,45.71,45.625,45.54,45.455,45.371,45.332,45.522,45.712,45.903,46.093,46.284,46.475
Palau,PLW,Urban population (% of total),SP.URB.TOTL.IN.ZS,69.593,69.966,70.337,70.704,71.069,71.431,71.306,71.066,70.825,70.582,70.338,70.093,69.847,69.6,70.383,71.152,71.91,72.655,73.389,74.109,74.817,75.511,76.194,76.862,77.517,78.159,78.775
Papua New Guinea,PNG,Urban population (% of total),SP.URB.TOTL.IN.ZS,14.994,14.816,14.629,14.445,14.262,14.081,13.901,13.724,13.549,13.375,13.204,13.182,13.164,13.146,13.127,13.109,13.091,13.073,13.055,13.037,13.019,13,12.982,12.978,12.988,13.012,13.05
Poland,POL,Urban population (% of total),SP.URB.TOTL.IN.ZS,61.27,61.315,61.359,61.404,61.449,61.493,61.538,61.583,61.627,61.672,61.716,61.761,61.787,61.676,61.564,61.452,61.341,61.229,61.116,61.004,60.892,60.78,60.654,60.529,60.403,60.278,60.178
Pre-demographic dividend,PRE,Urban population (% of total),SP.URB.TOTL.IN.ZS,28.34281309,28.77736491,29.18885106,29.58939644,29.93076189,30.26625987,30.60526651,30.96418883,31.32508209,31.68593092,32.0447364,32.47927015,32.91945107,33.38272417,33.85598007,34.3463884,34.8321724,35.2643369,35.78039078,36.3023363,36.83652377,37.37916793,37.9089069,38.44111872,38.97632376,39.51428409,40.05433529
Puerto Rico,PRI,Urban population (% of total),SP.URB.TOTL.IN.ZS,92.942,93.106,93.267,93.424,93.578,93.729,93.876,94.02,94.161,94.298,94.387,94.333,94.278,94.224,94.168,94.112,94.056,93.999,93.942,93.884,93.825,93.773,93.726,93.686,93.651,93.624,93.602
"Korea, Dem. People’s Rep.",PRK,Urban population (% of total),SP.URB.TOTL.IN.ZS,58.384,58.531,58.679,58.826,58.939,59.018,59.097,59.176,59.255,59.334,59.412,59.491,59.57,59.648,59.727,59.805,59.884,59.962,60.04,60.195,60.377,60.557,60.738,60.918,61.098,61.277,61.471
Portugal,PRT,Urban population (% of total),SP.URB.TOTL.IN.ZS,47.915,48.469,49.13,49.789,50.449,51.109,51.77,52.428,53.086,53.743,54.399,55.044,55.666,56.287,56.907,57.522,58.137,58.749,59.359,59.964,60.567,61.167,61.763,62.352,62.936,63.514,64.086
Paraguay,PRY,Urban population (% of total),SP.URB.TOTL.IN.ZS,48.694,49.439,50.186,50.844,51.488,52.131,52.774,53.414,54.054,54.693,55.331,55.966,56.6,56.977,57.305,57.633,57.96,58.286,58.612,58.937,59.261,59.584,59.907,60.197,60.474,60.75,61.026
West Bank and Gaza,PSE,Urban population (% of total),SP.URB.TOTL.IN.ZS,67.709,68.219,68.726,69.227,69.724,70.216,70.705,71.187,71.524,71.747,71.969,72.189,72.409,72.627,72.845,73.061,73.276,73.491,73.704,73.923,74.149,74.381,74.619,74.863,75.113,75.368,75.628
Pacific island small states,PSS,Urban population (% of total),SP.URB.TOTL.IN.ZS,31.49796877,31.86069402,32.2293015,32.600053,32.97113819,33.31643612,33.68011859,33.91856574,34.13004325,34.33436012,34.55925896,34.76529111,34.91843726,35.06080348,35.22377692,35.40310439,35.62442314,35.88139549,36.19128644,36.51647691,36.82906652,37.12655335,37.42285669,37.72171969,38.03402653,38.33834475,38.64321098
Post-demographic dividend,PST,Urban population (% of total),SP.URB.TOTL.IN.ZS,74.06041506,74.32164854,74.56903328,74.81482358,75.0728199,75.32858851,75.57403463,75.79959142,76.02756191,76.2510043,76.46968664,76.8114334,77.21813087,77.60704157,77.98248027,78.3435011,78.67371807,78.98466001,79.28587,79.57423515,79.85121135,80.06269692,80.23583883,80.40296806,80.57011801,80.74239686,80.9161042
French Polynesia,PYF,Urban population (% of total),SP.URB.TOTL.IN.ZS,57.852,57.61,57.367,57.124,56.881,56.637,56.393,56.285,56.205,56.126,56.047,55.967,55.888,56.242,56.831,57.417,58.002,58.585,59.166,59.742,60.317,60.889,61.459,61.583,61.633,61.683,61.734
Qatar,QAT,Urban population (% of total),SP.URB.TOTL.IN.ZS,92.786,93.291,93.763,94.203,94.614,94.998,95.356,95.659,95.888,96.105,96.311,96.506,96.692,96.868,97.09,97.396,97.671,97.917,98.139,98.336,98.501,98.602,98.697,98.785,98.868,98.945,99.015
Romania,ROU,Urban population (% of total),SP.URB.TOTL.IN.ZS,53.217,53.93,54.227,54.074,53.922,53.769,53.616,53.463,53.311,53.158,53.004,52.852,52.78,52.912,53.043,53.174,53.305,53.436,53.567,53.698,53.829,53.96,53.974,53.937,53.9,53.887,53.9
Russian Federation,RUS,Urban population (% of total),SP.URB.TOTL.IN.ZS,73.394,73.389,73.385,73.381,73.376,73.372,73.367,73.363,73.359,73.354,73.35,73.346,73.341,73.373,73.418,73.463,73.508,73.553,73.598,73.642,73.687,73.732,73.791,73.863,73.95,74.05,74.164
Rwanda,RWA,Urban population (% of total),SP.URB.TOTL.IN.ZS,5.416,5.491,6.288,7.313,8.49,9.837,11.374,12.466,13.244,14.064,14.926,15.829,16.777,16.904,16.908,16.912,16.917,16.921,16.925,16.93,16.934,16.938,16.943,16.947,16.967,17.004,17.056
South Asia,SAS,Urban population (% of total),SP.URB.TOTL.IN.ZS,25.05236452,25.30193868,25.52385438,25.74670298,25.97164982,26.19830575,26.42893132,26.66209133,26.89568874,27.12686297,27.3590591,27.62991553,27.96747494,28.30767725,28.65281822,29.00153665,29.35396236,29.71049062,30.07058577,30.43205898,30.7955861,31.16171042,31.53691207,31.91968932,32.31172694,32.71289866,33.12311888
Saudi Arabia,SAU,Urban population (% of total),SP.URB.TOTL.IN.ZS,76.583,77.223,77.851,78.186,78.429,78.67,78.91,79.147,79.383,79.616,79.848,80.077,80.304,80.53,80.754,80.979,81.204,81.427,81.649,81.867,82.084,82.302,82.52,82.74,82.96,83.18,83.401
Sudan,SDN,Urban population (% of total),SP.URB.TOTL.IN.ZS,28.61,29.84,31.103,32.127,32.179,32.232,32.284,32.337,32.39,32.442,32.495,32.548,32.601,32.654,32.707,32.76,32.813,32.866,32.919,32.993,33.089,33.207,33.346,33.507,33.689,33.894,34.121
Senegal,SEN,Urban population (% of total),SP.URB.TOTL.IN.ZS,38.896,39.038,39.18,39.321,39.464,39.606,39.749,39.891,40.034,40.177,40.32,40.464,40.607,40.898,41.306,41.714,42.124,42.535,42.947,43.359,43.773,44.188,44.603,45.019,45.436,45.862,46.296
Singapore,SGP,Urban population (% of total),SP.URB.TOTL.IN.ZS,100,100,100,100,100,100,100,100,100,100,100,100,100,100,100,100,100,100,100,100,100,100,100,100,100,100,100
Solomon Islands,SLB,Urban population (% of total),SP.URB.TOTL.IN.ZS,13.677,13.87,14.065,14.262,14.462,14.664,14.869,15.076,15.285,15.496,15.813,16.201,16.597,17.001,17.413,17.832,18.259,18.694,19.138,19.589,20.048,20.508,20.97,21.433,21.896,22.36,22.823
Sierra Leone,SLE,Urban population (% of total),SP.URB.TOTL.IN.ZS,33.252,33.485,33.72,33.955,34.192,34.429,34.667,34.905,35.144,35.384,35.626,35.867,36.109,36.352,36.596,36.919,37.303,37.689,38.077,38.466,38.856,39.248,39.642,40.036,40.432,40.829,41.228
El Salvador,SLV,Urban population (% of total),SP.URB.TOTL.IN.ZS,49.274,49.794,50.315,51.417,52.704,53.988,55.268,56.537,57.8,58.357,58.912,59.464,60.014,60.561,61.107,61.648,62.187,62.774,63.678,64.57,65.452,66.325,67.187,68.036,68.874,69.7,70.501
San Marino,SMR,Urban population (% of total),SP.URB.TOTL.IN.ZS,90.4,90.4,90.4,90.839,91.261,91.664,92.052,92.422,92.776,93.115,93.44,93.75,93.925,93.975,94.155,94.453,94.736,95.007,95.264,95.508,95.74,95.961,96.171,96.37,96.559,96.739,96.91
Somalia,SOM,Urban population (% of total),SP.URB.TOTL.IN.ZS,29.658,30.007,30.359,30.711,31.067,31.425,31.785,32.147,32.511,32.878,33.247,33.617,33.99,34.756,35.531,36.311,37.1,34.404,36.011,37.645,39.31,41,41.558,42.117,42.679,43.245,43.816
Serbia,SRB,Urban population (% of total),SP.URB.TOTL.IN.ZS,50.393,50.756,50.981,51.204,51.428,51.651,51.875,52.098,52.322,52.545,52.769,52.992,53.215,53.437,53.661,53.883,54.105,54.328,54.55,54.772,54.993,55.215,55.356,55.469,55.583,55.696,55.81
Sub-Saharan Africa (excluding high income),SSA,Urban population (% of total),SP.URB.TOTL.IN.ZS,27.39395408,27.86895619,28.33515411,28.78847621,29.18496272,29.5587717,29.920926,30.28435389,30.63494871,30.9855658,31.34074451,31.76370907,32.20121133,32.64349332,33.09042909,33.54848225,34.0011136,34.41162158,34.90964927,35.41290043,35.92557369,36.44519608,36.95407547,37.46429468,37.97881572,38.4970108,39.01792133
South Sudan,SSD,Urban population (% of total),SP.URB.TOTL.IN.ZS,13.276,14.074,14.912,15.626,15.749,15.873,15.997,16.123,16.249,16.376,16.504,16.632,16.761,16.891,17.023,17.154,17.287,17.42,17.555,17.701,17.86,18.032,18.217,18.415,18.626,18.852,19.092
Sub-Saharan Africa,SSF,Urban population (% of total),SP.URB.TOTL.IN.ZS,27.39692286,27.87182378,28.33790257,28.79115708,29.1876022,29.56134489,29.92343831,30.2868018,30.6373563,30.98793588,31.34305417,31.76593568,32.20342248,32.64560001,33.09245257,33.55044224,34.00304501,34.41350102,34.91150245,35.41469516,35.92735455,36.44687074,36.95571057,37.46590654,37.98040119,38.49858067,39.01946197
Small states,SST,Urban population (% of total),SP.URB.TOTL.IN.ZS,45.3390385,45.87063884,46.21258346,46.50185134,46.78891261,47.10780606,47.45792049,47.81475716,48.17440552,48.56162042,48.96806402,49.36570167,49.75901089,50.17562248,50.63546633,51.15857038,51.74306394,52.43233662,53.15299014,53.84620864,54.48800413,55.0744464,55.59495933,56.06137846,56.51388997,56.95950397,57.39700351
Sao Tome and Principe,STP,Urban population (% of total),SP.URB.TOTL.IN.ZS,43.648,44.793,45.764,46.717,47.673,48.631,49.592,50.55,51.509,52.467,53.424,54.377,55.555,56.766,57.972,59.165,60.348,61.52,62.68,63.823,64.952,66.064,67.16,68.208,69.213,70.174,71.092
Suriname,SUR,Urban population (% of total),SP.URB.TOTL.IN.ZS,65.706,65.78,65.854,65.928,66.002,66.076,66.15,66.223,66.297,66.371,66.444,66.517,66.591,66.664,66.737,66.682,66.615,66.547,66.479,66.412,66.344,66.276,66.208,66.14,66.089,66.056,66.04
Slovak Republic,SVK,Urban population (% of total),SP.URB.TOTL.IN.ZS,56.491,56.78,56.719,56.659,56.598,56.537,56.476,56.416,56.355,56.294,56.233,56.163,56.013,55.863,55.713,55.563,55.412,55.261,55.111,54.96,54.685,54.42,54.28,54.14,54,53.889,53.806
Slovenia,SVN,Urban population (% of total),SP.URB.TOTL.IN.ZS,50.39,50.517,50.543,50.569,50.596,50.622,50.649,50.675,50.701,50.728,50.754,50.78,50.857,51.082,51.308,51.533,51.758,51.983,52.209,52.433,52.658,52.883,53.108,53.332,53.557,53.781,54.02
Sweden,SWE,Urban population (% of total),SP.URB.TOTL.IN.ZS,83.1,83.204,83.361,83.516,83.671,83.824,83.914,83.942,83.97,83.998,84.026,84.071,84.133,84.196,84.258,84.319,84.43,84.588,84.746,84.902,85.056,85.297,85.62,85.936,86.247,86.553,86.852
Eswatini,SWZ,Urban population (% of total),SP.URB.TOTL.IN.ZS,20.202,20.607,21.018,21.434,21.857,22.286,22.722,23.081,22.949,22.817,22.686,22.555,22.425,22.296,22.166,22.038,21.91,21.829,22.045,22.262,22.48,22.7,22.849,22.999,23.149,23.3,23.459
Sint Maarten (Dutch part),SXM,Urban population (% of total),SP.URB.TOTL.IN.ZS,100,100,100,100,100,100,100,100,100,100,100,100,100,100,100,100,100,100,100,100,100,100,100,100,100,100,100
Seychelles,SYC,Urban population (% of total),SP.URB.TOTL.IN.ZS,49.27,49.307,49.362,49.435,49.525,49.633,49.758,49.901,50.061,50.238,50.433,50.646,50.876,51.123,51.388,51.67,51.969,52.285,52.619,52.969,53.336,53.72,54.12,54.537,54.969,55.4,55.831
Syrian Arab Republic,SYR,Urban population (% of total),SP.URB.TOTL.IN.ZS,48.931,49.139,49.347,49.555,49.764,50.104,50.473,50.841,51.21,51.578,51.947,52.314,52.682,53.049,53.417,53.782,54.146,54.511,54.875,55.237,55.6,54.58,53.555,52.529,51.5,52.168,52.835
Turks and Caicos Islands,TCA,Urban population (% of total),SP.URB.TOTL.IN.ZS,74.343,75.537,76.694,77.81,78.888,79.928,80.93,81.89,82.814,83.7,84.55,85.362,86.007,86.608,87.188,87.745,88.281,88.797,89.294,89.77,90.228,90.668,91.09,91.483,91.851,92.195,92.517
Chad,TCD,Urban population (% of total),SP.URB.TOTL.IN.ZS,20.811,21.023,21.235,21.408,21.44,21.473,21.506,21.538,21.571,21.604,21.637,21.67,21.702,21.735,21.768,21.801,21.834,21.868,21.901,21.934,21.985,22.054,22.142,22.248,22.372,22.515,22.677
East Asia & Pacific (IDA & IBRD countries),TEA,Urban population (% of total),SP.URB.TOTL.IN.ZS,27.71752491,28.50152522,29.31036506,30.13201412,30.96854499,31.81903148,32.68522692,33.56092822,34.4498255,35.35015296,36.27536654,37.31645909,38.4387215,39.57318573,40.71865493,41.8685431,42.99368858,44.10674922,45.22487087,46.34257684,47.46134224,48.51455134,49.53962913,50.55765272,51.57248202,52.58218969,53.58771462
Europe & Central Asia (IDA & IBRD countries),TEC,Urban population (% of total),SP.URB.TOTL.IN.ZS,62.73684366,62.88804062,62.97778164,63.03503396,63.10237334,63.18259061,63.25714547,63.32298072,63.39458907,63.46878421,63.55715437,63.66684447,63.80104915,63.95213715,64.10997049,64.27223778,64.43662117,64.60935,64.78319286,64.94923689,65.1062409,65.25012132,65.38289846,65.51694366,65.65470269,65.79774582,65.94845622
Togo,TGO,Urban population (% of total),SP.URB.TOTL.IN.ZS,28.589,29.005,29.425,29.848,30.275,30.705,31.139,31.576,32.016,32.46,32.907,33.356,33.809,34.265,34.724,35.185,35.649,36.116,36.587,37.058,37.533,38.032,38.546,39.061,39.579,40.1,40.628
Thailand,THA,Urban population (% of total),SP.URB.TOTL.IN.ZS,29.424,29.593,29.763,29.934,30.105,30.276,30.449,30.622,30.795,30.969,31.386,32.548,33.734,34.941,36.169,37.411,38.673,39.95,41.242,42.543,43.856,44.698,45.445,46.193,46.943,47.694,48.448
Tajikistan,TJK,Urban population (% of total),SP.URB.TOTL.IN.ZS,31.658,31.09,30.527,29.972,29.421,28.877,28.338,27.806,27.28,26.76,26.501,26.503,26.505,26.507,26.508,26.51,26.512,26.514,26.516,26.518,26.52,26.521,26.545,26.589,26.655,26.742,26.851
Turkmenistan,TKM,Urban population (% of total),SP.URB.TOTL.IN.ZS,45.075,44.99,44.904,44.819,44.734,44.794,45.018,45.241,45.465,45.689,45.913,46.137,46.362,46.587,46.812,47.052,47.308,47.581,47.868,48.172,48.491,48.825,49.175,49.541,49.921,50.317,50.728
Latin America & the Caribbean (IDA & IBRD countries),TLA,Urban population (% of total),SP.URB.TOTL.IN.ZS,70.44051943,70.97537589,71.48997359,71.99031679,72.4954869,72.99571662,73.47297912,73.9583873,74.43802943,74.90179821,75.3622624,75.73172233,76.07014994,76.40103678,76.71893477,77.03054211,77.33875242,77.64310993,77.94100275,78.23122486,78.51831014,78.80249903,79.08084418,79.35417672,79.62477651,79.8920972,80.15595892
Timor-Leste,TLS,Urban population (% of total),SP.URB.TOTL.IN.ZS,20.842,21.215,21.54,21.867,22.199,22.534,22.873,23.215,23.561,23.91,24.263,24.619,24.979,25.343,25.71,26.041,26.374,26.709,27.048,27.389,27.732,28.079,28.428,28.779,29.133,29.49,29.85
Middle East & North Africa (IDA & IBRD countries),TMN,Urban population (% of total),SP.URB.TOTL.IN.ZS,51.51925976,51.8383857,52.21679477,52.61193185,53.0043838,53.34627394,53.67504117,54.01480039,54.38195415,54.75637792,55.12741486,55.49296732,55.85522189,56.21281,56.56491522,56.95120012,57.34283555,57.70782263,58.06034207,58.41535182,58.78251977,59.07417093,59.36344311,59.65600511,59.9452952,60.29683261,60.63064387
Tonga,TON,Urban population (% of total),SP.URB.TOTL.IN.ZS,22.704,22.736,22.768,22.8,22.832,22.864,22.897,22.927,22.955,22.984,23.012,23.041,23.069,23.098,23.127,23.155,23.184,23.227,23.281,23.335,23.389,23.443,23.435,23.382,23.328,23.275,23.222
South Asia (IDA & IBRD),TSA,Urban population (% of total),SP.URB.TOTL.IN.ZS,25.05236452,25.30193868,25.52385438,25.74670298,25.97164982,26.19830575,26.42893132,26.66209133,26.89568874,27.12686297,27.3590591,27.62991553,27.96747494,28.30767725,28.65281822,29.00153665,29.35396236,29.71049062,30.07058577,30.43205898,30.7955861,31.16171042,31.53691207,31.91968932,32.31172694,32.71289866,33.12311888
Sub-Saharan Africa (IDA & IBRD countries),TSS,Urban population (% of total),SP.URB.TOTL.IN.ZS,27.39692286,27.87182378,28.33790257,28.79115708,29.1876022,29.56134489,29.92343831,30.2868018,30.6373563,30.98793588,31.34305417,31.76593568,32.20342248,32.64560001,33.09245257,33.55044224,34.00304501,34.41350102,34.91150245,35.41469516,35.92735455,36.44687074,36.95571057,37.46590654,37.98040119,38.49858067,39.01946197
Trinidad and Tobago,TTO,Urban population (% of total),SP.URB.TOTL.IN.ZS,54.124,54.308,54.491,54.674,54.857,55.04,55.224,55.406,55.589,55.771,55.905,55.718,55.53,55.343,55.155,54.967,54.779,54.59,54.402,54.213,54.025,53.836,53.671,53.53,53.413,53.319,53.25
Tunisia,TUN,Urban population (% of total),SP.URB.TOTL.IN.ZS,57.946,58.756,59.562,60.362,61.078,61.474,61.87,62.262,62.653,63.043,63.432,63.818,64.202,64.585,64.95,65.237,65.524,65.809,66.093,66.376,66.657,66.938,67.218,67.495,67.772,68.056,68.346
Turkey,TUR,Urban population (% of total),SP.URB.TOTL.IN.ZS,59.203,59.976,60.518,61.055,61.59,62.123,62.653,63.179,63.703,64.223,64.741,65.34,65.974,66.602,67.225,67.84,68.45,69.053,69.651,70.241,70.825,71.402,71.974,72.531,73.077,73.611,74.134
Tuvalu,TUV,Urban population (% of total),SP.URB.TOTL.IN.ZS,40.661,41.991,42.751,43.156,43.563,43.97,44.379,44.787,45.197,45.607,46.018,46.429,46.841,47.656,48.678,49.699,50.721,51.743,52.765,53.782,54.796,55.807,56.815,57.814,58.786,59.73,60.645
Tanzania,TZA,Urban population (% of total),SP.URB.TOTL.IN.ZS,18.884,19.208,19.536,19.867,20.203,20.543,20.888,21.237,21.59,21.947,22.309,22.674,23.044,23.611,24.223,24.845,25.478,26.121,26.776,27.439,28.114,28.798,29.493,30.196,30.904,31.617,32.333
Uganda,UGA,Urban population (% of total),SP.URB.TOTL.IN.ZS,11.076,11.454,11.79,12.133,12.485,12.846,13.216,13.594,13.982,14.379,14.786,15.201,15.626,16.061,16.507,16.96,17.425,17.899,18.384,18.878,19.383,19.898,20.424,20.958,21.504,22.06,22.624
Ukraine,UKR,Urban population (% of total),SP.URB.TOTL.IN.ZS,66.757,66.796,66.835,66.874,66.912,66.951,66.99,67.029,67.067,67.106,67.145,67.183,67.283,67.427,67.597,67.79,67.969,68.147,68.325,68.502,68.596,68.689,68.782,68.875,68.968,69.061,69.154
Upper middle income,UMC,Urban population (% of total),SP.URB.TOTL.IN.ZS,42.56198379,43.24179933,43.93414635,44.63327383,45.34231348,46.06303874,46.78719359,47.51772173,48.26118337,49.01651133,49.79018542,50.67576553,51.62463472,52.59056274,53.56687682,54.54894563,55.51399472,56.47114772,57.43042337,58.38780391,59.34800762,60.25907864,61.14592343,62.02397024,62.89558048,63.75641658,64.6076009
Uruguay,URY,Urban population (% of total),SP.URB.TOTL.IN.ZS,88.973,89.304,89.627,89.94,90.245,90.542,90.835,91.147,91.45,91.743,92.028,92.303,92.569,92.828,93.078,93.319,93.553,93.779,93.998,94.209,94.414,94.612,94.739,94.843,94.945,95.045,95.144
United States,USA,Urban population (% of total),SP.URB.TOTL.IN.ZS,75.3,75.701,76.097,76.488,76.875,77.257,77.636,78.008,78.377,78.742,79.057,79.234,79.409,79.583,79.757,79.928,80.099,80.269,80.438,80.606,80.772,80.944,81.119,81.299,81.483,81.671,81.862
Uzbekistan,UZB,Urban population (% of total),SP.URB.TOTL.IN.ZS,41.365,41.836,42.308,42.78,43.255,43.731,44.208,44.685,45.164,45.644,46.126,46.606,47.088,47.571,48.054,48.537,49.021,49.505,49.989,50.472,50.956,51.15,51.05,50.95,50.85,50.75,50.65
St. Vincent and the Grenadines,VCT,Urban population (% of total),SP.URB.TOTL.IN.ZS,41.409,41.949,42.306,42.663,43.021,43.38,43.741,44.1,44.461,44.823,45.186,45.548,45.914,46.283,46.656,47.032,47.412,47.794,48.18,48.569,48.961,49.356,49.754,50.154,50.558,50.964,51.373
"Venezuela, RB",VEN,Urban population (% of total),SP.URB.TOTL.IN.ZS,84.284,84.664,85.012,85.352,85.686,86.014,86.336,86.65,86.959,87.262,87.559,87.85,87.876,87.902,87.928,87.954,87.98,88.006,88.031,88.057,88.083,88.108,88.123,88.133,88.144,88.154,88.165
British Virgin Islands,VGB,Urban population (% of total),SP.URB.TOTL.IN.ZS,37.814,39.334,39.603,39.872,40.142,40.413,40.684,40.955,41.228,41.5,41.774,42.048,42.328,42.615,42.909,43.21,43.517,43.831,44.152,44.479,44.814,45.154,45.502,45.856,46.216,46.583,46.957
Virgin Islands (U.S.),VIR,Urban population (% of total),SP.URB.TOTL.IN.ZS,87.685,88.285,88.86,89.409,89.934,90.437,90.917,91.374,91.811,92.228,92.586,92.814,93.036,93.251,93.461,93.664,93.861,94.053,94.239,94.419,94.594,94.761,94.919,95.07,95.213,95.35,95.48
Vietnam,VNM,Urban population (% of total),SP.URB.TOTL.IN.ZS,20.257,20.629,21.006,21.387,21.774,22.166,22.563,22.965,23.371,23.817,24.374,24.937,25.511,26.092,26.683,27.281,27.888,28.504,29.128,29.762,30.417,31.08,31.752,32.429,33.115,33.809,34.51
Vanuatu,VUT,Urban population (% of total),SP.URB.TOTL.IN.ZS,18.715,18.998,19.285,19.574,19.868,20.164,20.464,20.766,21.073,21.382,21.673,21.953,22.235,22.521,22.809,23.099,23.392,23.687,23.985,24.286,24.462,24.561,24.661,24.761,24.861,24.961,25.062
World,WLD,Urban population (% of total),SP.URB.TOTL.IN.ZS,43.04532093,43.41018998,43.75322908,44.1163402,44.47656681,44.85269624,45.21391779,45.57860867,45.94787757,46.32066566,46.70183125,47.14940036,47.64650365,48.14699623,48.6520115,49.16086777,49.6620173,50.15474026,50.6608612,51.16192342,51.65974339,52.11642023,52.56530454,53.01339702,53.46329984,53.91798758,54.37300262
Samoa,WSM,Urban population (% of total),SP.URB.TOTL.IN.ZS,21.2,21.2,21.258,21.347,21.436,21.526,21.616,21.705,21.796,21.886,21.977,22.068,21.941,21.698,21.457,21.218,20.981,20.75,20.524,20.3,20.078,19.857,19.624,19.385,19.149,18.914,18.681
Kosovo,XKX,Urban population (% of total),SP.URB.TOTL.IN.ZS,,,,,,,,,,,,,,,,,,,,,,,,,,,
"Yemen, Rep.",YEM,Urban population (% of total),SP.URB.TOTL.IN.ZS,20.931,21.489,22.058,22.636,23.225,23.76,24.249,24.743,25.244,25.752,26.267,26.787,27.315,27.849,28.39,28.936,29.49,30.051,30.619,31.194,31.776,32.364,32.958,33.559,34.165,34.777,35.394
South Africa,ZAF,Urban population (% of total),SP.URB.TOTL.IN.ZS,52.037,52.554,53.038,53.521,54.004,54.486,54.967,55.449,55.93,56.411,56.891,57.368,57.898,58.446,58.993,59.536,60.077,60.616,61.154,61.687,62.218,62.746,63.272,63.793,64.312,64.828,65.341
Zambia,ZMB,Urban population (% of total),SP.URB.TOTL.IN.ZS,39.407,38.989,38.514,38.042,37.572,37.104,36.638,36.176,35.716,35.258,34.802,35.002,35.475,35.951,36.43,36.911,37.395,37.881,38.371,38.861,39.355,39.851,40.354,40.865,41.382,41.907,42.438
Zimbabwe,ZWE,Urban population (% of total),SP.URB.TOTL.IN.ZS,28.988,29.738,30.499,30.94,31.335,31.732,32.132,32.534,32.939,33.347,33.758,34.17,34.585,34.479,34.294,34.11,33.926,33.743,33.56,33.378,33.196,33.015,32.834,32.654,32.504,32.385,32.296